"Ano","Artista","Título","Letra","Nivel_de_toxicidade","Justificativa"
"1970","Ides Of March","Vehicle","{Intro}  [ Verse 1] Hey, well, I'm the friendly stranger in the black sedan Woncha hop inside my car I got pictures, I got candy, I'm a lovable man And I can take you to the nearest star  [Chorus ] I'm your vehicle, baby I can take you anywhere you wanna go I'm your vehicle woman By that I'm sure you know  I love ya (love ya) I need ya (need ya) I wants ya gots to have you child Great God in heaven, you know I love you (Oh you know I do)  [ Verse 2] Well, if you wants to be a movie star I canna take-a you to Hollywood But if you wanna stay just like you are You know, I think you really should  [Chorus ] I'm your vehicle, baby I can take you anywhere you wanna go I'm your vehicle woman By that I'm sure you know  I love ya (love ya) I need ya (need ya) I wants ya gots to have you child Great God in heaven, you know I love you (Oh you know I do)   {Instrumental}    [ Verse 1 reprise] Well I'm the friendly stranger in the black sedan Oh woncha hop inside my car I got pictures, candy, I'm a lovable man And I can take you to the nearest star  [Chorus ] I'm your vehicle, baby I can take you anywhere you wanna go I'm your vehicle woman By that I'm sure you know  I love ya (love ya) I need ya (need ya) I wants ya gots to have you child Great God in heaven, you know I love you (Oh you know I do)  I'm your vehicle, baby Y'know I love you (love ya) I Needs ya (need ya) I wantcha gots to have you child Great God in heaven you know I love you","moderado","""(Hey, well, I'm the friendly stranger in the black sedan Woncha hop inside my car)"": A abordagem insistente e invasiva, típica de alguém que ignora o consentimento e a segurança do outro, pode ser interpretada como validação de comportamentos manipuladores e possessivos. ""(I love ya (love ya) I need ya (need ya) I wants ya gots to have you child)"": Expressa necessidade, posse e dependência emocional, características de relacionamentos tóxicos, pois coloca o outro como objeto de desejo incontrolável."
"2011","Rihanna","S&M;","[Intro: Ester Dean] Na-na-na, c'mon Na-na-na-na, c'mon Na-na-na, c'mon, c'mon, c'mon Na-na-na-na, c'mon Na-na-na, c'mon Na-na-na-na, c'mon Na-na-na, c'mon, c'mon, c'mon Na-na-na-na, c'mon  [Verse 1: Rihanna] Feels so good being bad (Oh-oh-oh-oh-oh) There's no way I'm turning back (Oh-oh-oh-oh-oh) Now the pain is my pleasure, 'cause nothing could measure (Oh-oh-oh-oh-oh-oh-oh) Love is great, love is fine (Oh-oh-oh-oh-oh) Out the box, outta line (Oh-oh-oh-oh-oh) The affliction of the feeling leaves me wanting more (Oh-oh-oh-oh-oh-oh-oh)  [Chorus: Rihanna] 'Cause I may be bad, but I'm perfectly good at it Sex in the air I don't care, I love the smell of it Sticks and stones may break my bones But chains and whips excite me 'Cause I may be bad, but I'm perfectly good at it Sex in the air I don't care, I love the smell of it Sticks and stones may break my bones But chains and whips excite me  [Post-Chorus: Rihanna & Ester Dean] Na-na-na, c'mon, c'mon, c'mon I like it, like it C'mon, c'mon, c'mon I like it, like it C'mon, c'mon, c'mon I like it, like it C'mon, c'mon, c'mon I like it, like it  [Verse 2: Rihanna] Love is great, love is fine (Oh-oh-oh-oh-oh) Out the box, outta line (Oh-oh-oh-oh-oh) The affliction of the feeling leaves me wanting more (Oh-oh-oh-oh-oh-oh-oh)  [Chorus: Rihanna] 'Cause I may be bad, but I'm perfectly good at it Sex in the air I don't care, I love the smell of it Sticks and stones may break my bones But chains and whips excite me  [Post-Chorus: Rihanna & Ester Dean] Na-na-na, c'mon, c'mon, c'mon I like it, like it C'mon, c'mon, c'mon I like it, like it C'mon, c'mon, c'mon I like it, like it C'mon, c'mon, c'mon I like it, like it  [Refrain: Rihanna] S-S-S and M-M-M S-S-S and M-M-M  [Bridge: Rihanna] Oh, I love the feeling you bring to me Oh, you turn me on It's exactly what I've been yearning for Give it to me strong And meet me in my boudoir Make my body say, ""Ah-ah-ah"" I like it, like it  [Chorus: Rihanna] 'Cause I may be bad, but I'm perfectly good at it Sex in the air I don't care, I love the smell of it Sticks and stones may break my bones But chains and whips excite me 'Cause I may be bad, but I'm perfectly good at it Sex in the air I don't care, I love the smell of it Sticks and stones may break my bones But chains and whips excite me  [Post-Chorus: Rihanna & Ester Dean] Na-na-na, c'mon, c'mon, c'mon I like it, like it C'mon, c'mon, c'mon I like it, like it C'mon, c'mon, c'mon I like it, like it C'mon, c'mon, c'mon I like it, like it  [Refrain: Rihanna] S-S-S and M-M-M S-S-S and M-M-M S-S-S and M-M-M S-S-S and M-M-M","moderado","""(Feels so good being bad)"", ""(There's no way I'm turning back)"", ""(Now the pain is my pleasure, 'cause nothing could measure)"": Romantizam a dor e o sofrimento como elementos positivos do relacionamento. ""(Sticks and stones may break my bones But chains and whips excite me)"": Naturaliza e erotiza práticas de dor e submissão, podendo ser interpretado como validação de dinâmicas abusivas, especialmente se descontextualizado do consenso do BDSM. A letra, no geral, glamuriza relações baseadas em dor e submissão, o que pode ser problemático se interpretado fora do contexto de práticas consensuais."
"2016","Weeknd","In The Night","[Verse 1] All alone, she was livin' In a world without an end or beginnin' Baby girl was livin' life for the feelin' But I don't mind, I don't mind, oh And all the wrongs she committed She was numb and she was so co-dependent She was young and all she had was the city But I don't mind, I don't mind  [Pre-Chorus] And I know That she's capable of anything, it's riveting But when You wake up she's always gone, gone, gone, oh  [Chorus] In the night she hears him calling In the night she's dancin' to relieve the pain She'll never walk away I don't think you understand In the night when she comes crawlin' Dollar bills and tears keep fallin' down her face She'll never walk away I don't think you understand  [Verse 2] He sang a song when he did it He was cold and he was so unforgiving Now she dances to the song on the minute Yeah, all the time, all the time, oh It make her weak when she hear it And it got her on her knees like religion She was young and she was forced to be a woman Yeah, all the time, all the time  [Pre-Chorus] And I know That she's capable of anything, it's riveting But when You wake up she's always gone, gone, gone, oh  [Chorus] In the night she hears him calling In the night she's dancin' to relieve the pain She'll never walk away I don't think you understand In the night when she comes crawlin' Dollar bills and tears keep fallin' down her face She'll never walk away I don't think you understand  [Bridge] Oh baby I don't think you understand I don't think you understand I don't think you understand Oh no, no I don't think you understand  [Chorus] In the night she hears him calling In the night she's dancin' to relieve the pain She'll never walk away I don't think you understand In the night when she comes crawlin' Dollar bills and tears keep fallin' down her face She'll never walk away I don't think you understand","NA","A musica fala apenas de uma garota que esta em uma fase financeiramente ruim"
"1972","Derek and The Dominos","Layla","[Opening Instrumental Riff]  [Verse 1] What'll you do when you get lonely And nobody's waiting by your side You've been running and hiding much too long You know it's just your foolish pride  [Chorus] Layla, you've got me on my knees Layla, I'm begging, darling please Layla, darling won't you ease my worried mind  [Verse 2] I tried to give you consolation When your old man had let you down Like a fool, I fell in love with you Turned my whole world upside down  [Chorus] Layla, you've got me on my knees Layla, I'm begging, darling please Layla, darling won't you ease my worried mind  [Verse 3] Let's make the best of the situation Before I finally go insane Please don't say we'll never find a way And tell me all my love's in vain  [Chorus 2X] Layla, you've got me on my knees Layla, I'm begging, darling please Layla, darling won't you ease my worried mind  [Instrumental Outro]","moderado","""(Layla, you've got me on my knees Layla, I'm begging, darling please Layla, darling won't you ease my worried mind)"": Demonstra dependência emocional extrema, colocando o bem-estar próprio nas mãos do outro. ""(Let's make the best of the situation Before I finally go insane)"": Naturaliza o sofrimento emocional intenso como parte do relacionamento, sugerindo que a saúde mental depende da aceitação do outro."
"2009","Akon feat. Colby O'Donis and Kardinal Offishall","Beautiful","[Verse 1: Akon] When I see you I run out of words, to say (ahh) I wouldn't leave you Cause you're that type of girl to make me stay (ahh) I see the guys tryin' to holla Girl, I don't wanna bother you Cause you're independent, and you got my attention Can I be yo' baby father? Girl, I just wanna show you That I love what you are doin' now  [Hook: Akon] I see you in the club, you gettin down, girl I wanna get with you, yeah I see you in the club, you showin thugs love I wanna get with you You're so beautiful, so damn beautiful Said you're so beautiful, so damn beautiful You're so beautiful, beautiful, beautiful, beautiful You're so beautiful, beautiful, beautiful, beautiful You're so beautiful  [Verse 2: Colby O'Donis] Like the clouds you drift me away Far away, yeah And like the sun you, brighten my day You brighten my day, yeah I never wanna see you cry, cry, cry And I never wanna tell a lie, lie, lie Said I never wanna see you cry, cry, cry And I never wanna tell a lie, lie, lie  [Hook: Akon] I see you in the club, you gettin down, girl I wanna get with you, yeah I see you in the club, you showin thugs love I wanna get with you You're so beautiful, so damn beautiful Said you're so beautiful, so damn beautiful You're so beautiful, beautiful, beautiful, beautiful You're so beautiful, beautiful, beautiful, beautiful You're so beautiful  [Verse 3: Kardinal Offishall] Kardinal told you (you) what is it, sky blue or yellow This fellow ain't that mellow if it ain't about you (you) Hourglass shape make the place go ""oooh"" Waistline makes my soldier salute I'm a brute (brute) high from ya high heel game High heels push up ya ass last name And you livin in the fast lane, eyes like an angel Goddess, watch my girl and how she hot dress Spotless, hotness bad to the bone Make me wanna bone, put me in a triple-X zone (zone) Lames don't know how to talk to you So let me walk, with you, hold my hand I'mma spend them grands but after you undress Not like a hooker, but more like a princess Queen, empress, president pull Any way ya goin' off cause you're beautiful, okay?  [Hook: Akon] I see you in the club, you gettin down, girl I wanna get with you, yeah I see you in the club, you showin thugs love I wanna get with you You're so beautiful, so damn beautiful Said you're so beautiful, so damn beautiful You're so beautiful, beautiful, beautiful, beautiful You're so beautiful, beautiful, beautiful, beautiful You're so beautiful","NA","A letra é centrada em elogios à beleza e desejo, sem apresentar frases que romantizam, naturalizam ou validam comportamentos abusivos, possessivos, de dependência emocional ou controle."
"2000","Christina Aguilera","Come On Over Baby (All I Want Is You)","[Intro] Come on over, come on over baby Come on over, come on over baby (here we go) Come on over, come on over baby (that's right) (Yeah, yeah, yeah, yeah) Come on over, come on over baby  [Verse 1] Hey, boy, don't you know I've got something going on (ah, yeah, come on, come on) I've got an invitation, don't you keep me waiting all night long I know, you know So baby, don't Pretend you won't, keep me guessing if you You will or you won't Don't wanna play that game with you baby Listen to me...  [Chorus] All I want is you (come over here baby) All I want is you (you know you make me go crazy) All I want is you Now baby don't be shy, you better cross the line I'm gonna love you right Cause all I want is you  [Post-Chorus] Come on over (that's right), come on over baby Come on over, come on over baby  [Verse 2] I'm not just talking about your sexuality (your sexuality) But I can't help myself, when you put your hands on me (When you put your hands on me) Oooh, oh It's paradise (it's paradise), when you and I Get close, get tight One on one I wanna, go all, all night I wanna play that game with you baby Listen to me...  [Chorus] All I want is you (come over here baby) All I want is you (you know you make me go crazy, so crazy) All I want is you Now baby don't be shy, you better cross the line I'm gonna love you right Cause all I want is you  [Post-Chorus] Come on over, come on over baby Come on over, come on over  [Breakdown] Don't you wanna be the one tonight We could do exactly what you like Don't you wanna be just you and me? We could do what comes so naturally I got a thing for you Got my mind made up (yeah) And I'm serious, never been more, baby I'm sure that it's real (so sure) And it's right here, uh, come on  [B-Section] Come on, come on, come on, over Come on, come on, come on, over Come on, come on, come on, over Come on, come on, come on, over Come on, come on, come on, over Come on, come on, come on, over  [Bridge] You give me... What a girl feels, what a girl likes What a girl needs, what a girl wants All I, all I want is you Ooh baby  [Chorus] All I want is you (oh, you make me go crazy, oh, oh, woo) All I want is you Now baby don't be shy, you better cross the line I'm gonna love you right 'Cause all I want is you All I want is you  [Outro] Ohh, ohh, yeah All I want is you, you make me go crazy, you All I want is you Now baby don't be shy, you better cross the line I'm gonna love you right 'Cause all I want is you","muito baixo","A letra é de sedução e convite, mas não há frases que romantizem, naturalizem ou validem comportamentos abusivos, possessivos, de dependência emocional ou controle. O desejo é expresso de forma direta, sem imposição ou manipulação."
"1991","Natural Selection","Do Anything","Oh yeah Whatcha gonna do for me Whatcha gonna do for my love Just can't Just can't get Just can't get enough Talk to me Hey I really love you Love you so so much Put my lady next to you To always feel your touch Every lttle thing you do Seems to turn me on Even when youre talking nasty to me Over the telephone Honey Ill stay up late for you And wait for your call Buzz me up at 5 AM And I dont mind at all Cuz Ill do anything for your loving Yes will Ill do anything But with a serious step are you qualified? Just can't Just can't get Just can't get enough Talk to me First thing in the morning Ill be at your door O tough All day long and All night strong Just can't get enough Honey if you let me start you up We can begin I play your game Everytime Baby won't you let me win Cuz Ill do anything for your loving Do anything for your loving or would you send me off like a third class lover Do anything for your loving til the break of dawn Do anything for your loving baby on Just can't Just can't get Just can't get enough Talk to me You got to know The way I feel Is for real Its everlasting Me what you need And Ill take heed And lead you in the right direction for affection See what Im saying I ain't playin Stop delayin girl And make me yor natural selection Ha ha ha ha Youre crazy I dont know about you But I think I like you Do anything for your lovin Could you find the time to make me yours? Take me out and rock the floors? GIve me every little bit of your loves what I said Make it smooth to the groove Like sandwich bread Well its you for me And me for you Theres not one thing I wouldn't do Hey Ill do most anything You and me were meant to swing Swing Do do dodo Just can't Just can't get Guess what Just can't get enough I want to be your baby Just can't Just can't get Just can't get enough","baixo","A letra expressa desejo intenso e disposição para agradar, na frase ""I play your game every time"" pode significar que ele esta preparado para sofrer com o tipo ""jogo"" dele dando a entender que ela e abusiva."
"2013","fun.","Carry On","[Verse 1] Well I woke up to the sound of silence The cars were cutting like knives in a fist fight And I found you with a bottle of wine Your head in the curtains And heart like the fourth of July You swore and said We are not We are not shining stars This I know I never said we are Though I've never been through hell like that I've closed enough windows To know you can never look back  [Chorus] If you're lost and alone Or you're sinking like a stone Carry on May your past be the sound Of your feet upon the ground Carry on Carry on, carry on  [Verse 2] So I met up with some friends At the edge of the night At a bar off 75 And we talked and talked About how our parents will die All our neighbors and wives But I'd like to think I can cheat it all To make up for the times I've been cheated on And it's nice to know When I was left for dead I was found and now I don't roam these streets I am not the ghost you want of me  [Chorus] If you're lost and alone Or you're sinking like a stone Carry on May your past be the sound Of your feet upon the ground and Carry on  [Bridge] Woah My head is on fire But my legs are fine After all they are mine Lay your clothes down on the floor Close the door Hold the phone Show me how No one's ever gonna stop us now  [Guitar solo]  [Bridge 2] Cause we are We are shining stars We are invincible We are who we are On our darkest day When we're miles away So we'll come We will find our way home  [Chorus] If you're lost and alone Or you're sinking like a stone Carry on May your past be the sound Of your feet upon the ground and Carry on  [Outro] No one's ever gonna stop us now","NA","A música trata de superação e apoio mútuo após momentos difíceis, sem romantizar ou naturalizar comportamentos tóxicos ou abusivos."
"2002","Missy ""Misdemeanor"" Elliott","Work It","[Intro] DJ, please pick up your phone, I'm on the request line This is a Missy Elliott one-time exclusive, come on  [Chorus] Is it worth it? Let me work it I put my thing down, flip it and reverse it Ti esrever dna ti pilf, nwod gniht ym tup Ti esrever dna ti pilf, nwod gniht ym tup If you got a big *elephant trumpet*, let me search ya And find out how hard I gotta work ya Ti esrever dna ti pilf, nwod gniht ym tup Ti esrever dna ti pilf, nwod gniht ym tup C'mon  [Verse 1] I'd like to get to know ya so I could show ya Put the pussy on ya like I told ya Give me all your numbers so I can phone ya Your girl acting stank, then call me over Not on the bed, lay me on your sofa Call before you come, I need to shave my chocha You do or you don't or you will or won't ya? Go downtown and eat it like a vulture See my hips and my tips, don't ya? See my ass and my lips, don't ya? Lost a few pounds and my waist for ya This the kinda beat that go ra-ta-ta Ra-ta-ta-ta-ta-ta-ta-ta-ta-ta Sex me so good I say blah-blah-blah Work it, I need a glass of water Boy, oh boy, it's good to know ya C'mon  [Chorus] Is it worth it? Let me work it I put my thing down, flip it and reverse it Ti esrever dna ti pilf, nwod gniht ym tup Ti esrever dna ti pilf, nwod gniht ym tup If you got a big *elephant trumpet*, let me search ya And find out how hard I gotta work ya Ti esrever dna ti pilf, nwod gniht ym tup Ti esrever dna ti pilf, nwod gniht ym tup C'mon  [Verse 2] If you a fly gal, get your nails done Get a pedicure, get your hair did Boy, lift it up, let's make a toast-a Let's get drunk, that's gonna bring us closer Don't I look like a Halle Berry poster? See the Belvedere playing tricks on ya Girlfriend wanna be like me, never You won't find a bitch that's even better I make you hot as Las Vegas weather Listen up close while I take it backwards ​sdrawkcab ti ekat ot ekil yssiM yaw eht hctaW I'm not a prostitute, but I could give you what you want I love your braids and your mouth full of fronts Love the way my ass go bum-bum-bum-bum Keep your eyes on my bum-bum-bum-bum-bum You think you can handle this badonka-donk-donk Take my thong off and my ass go boom Cut the lights on so you see what I could do C'mon  [Chorus] Is it worth it? Let me work it I put my thing down, flip it and reverse it Ti esrever dna ti pilf, nwod gniht ym tup Ti esrever dna ti pilf, nwod gniht ym tup If you got a big *elephant trumpet*, let me search ya And find out how hard I gotta work ya Ti esrever dna ti pilf, nwod gniht ym tup Ti esrever dna ti pilf, nwod gniht ym tup C'mon  [Verse 3] Boys, boys, all type of boys Black, White, Puerto Rican, Chinese boys (C'mon) Why-thai, thai-o-toy-o-thai-thai Rock-thai, thai-o-toy-o-thai-thai (C'mon) Girls, girls, get that cash If it's 9 to 5 or shaking your ass (Aha) Ain't no shame, ladies do your thing (C'mon) Just make sure you ahead of the game Just 'cause I got a lot of fame super Prince couldn't get me change my name, papa Kunta Kinte a slave again, no sir Picture blacks saying, “Oh yes'a, massa” Picture Lil' Kim dating a pastor Minute Man and Big Red could outlast ya Who is the best? I don't have to ask ya When I come out, you won't even matter Why you act dumb like, uh, duh? So you act dumb like, uh, duh As the drummer boy go ba-rom-pop-pom-pom Give you some-some-some of this Cinnabun C'mon  [Chorus] Is it worth it? Let me work it I put my thing down, flip it and reverse it Ti esrever dna ti pilf, nwod gniht ym tup Ti esrever dna ti pilf, nwod gniht ym tup If you got a big *elephant trumpet*, let me search ya And find out how hard I gotta work ya Ti esrever dna ti pilf, nwod gniht ym tup Ti esrever dna ti pilf, nwod gniht ym tup C'mon  [Outro] To my fellas (Ooh good god!) I like the way you work that (Uh huh, la-la-la-la) To my ladies (Whoo! Good god!) You sure know how to work that  Yeah, it's Missy Elliott! I hope y'all enjoying what y'all heard so far I was sittin' here thinkin' like Big Daddy Kane and Public Enemy Salt n Pepa, Lyte, EPMD, LL, Run-DMC KRS-One, Rakim Most of them artists used to dance And still get respected in the street Don't be scared to Bankhead or Bogo Or move as far as sold Michael Jackson 43 million Shoot, errbody have the zipper jacket And half of these thugs have the glove to match, ya feel me? Yo, it's ok though, if you wanna be hard and ice grill And Harlem Shake at the same time, whatever Let's just have fun, it's hip-hop man, this is hip-hop!","NA","A música é sexualmente explícita e empoderadora, mas não há frases que validem, romantizem ou naturalizem comportamentos tóxicos, abusivos, possessivos ou controladores. O tom é de autonomia e consentimento."
"2005","Will Smith","Switch","[Intro] Yo mic check, mic check, yeah here you go Nah, he over here Yeah, I heard he got that hot new thing It's called ""Switch"" (switch) Let's get it going  [Hook] (Heeeeeeeeeeeeey) Turn it over and hit it Turn around now switch Turn it over and hit it  [Verse 1] (Heeeeeeeeeeeeey) Vibe to vibe a second, it's a club girl why you arrived naked Hear that, how the veteran glide the record But don't download, go out and buy the record (Heeeeeeeeeeeeey) Something sexy bout a Girl on the floor, all her friends around her I mean real clean, ain't gotta touch or nothing It ain't like I like a chick on chick or something I'm just a sucker for a hot track Gimme a drink and a chick to tell 'Stop that' Dance is a hop and a clap, flip it round Now bring it on back, break it down Now Switch!  [Hook] (Heeeeeeeeeeeeey) Turn it over and hit it Turn around now switch (Heeeeeeeeeeeeey) Turn it over and hit it Ohh la la la (Heeeeeeeeeeeeey) Switch Turn it over and hit it Turn around now switch Turn it over and hit it Ohh la la la  [Verse 2] I gotta question, I need to ask somebody Why is it that when y'all see me at the party Y'all be looking like 'Ooo he's a movie star He ain't supposed to be out on the floor with everybody' But oh wait, whoa y'all forgetting When I was, amateur spitting before the scripts were written First one in, last one out the club Bursting in, passing out in the club Back at it, this cat is the wit and the charm Taking you higher like a syringe hittin ya arm Bringing the fire, making you Benz ring the alarm Let me see you clap, spin baby come on Switch!  [Hook] (Heeeeeeeeeeeeey) Turn it over and hit it Turn around now switch (Heeeeeeeeeeeeey) Turn it over and hit it Ohh la la la Switch (Heeeeeeeeeeeeey) Turn it over and hit it Turn around now switch Turn it over and hit it Ohh la la la  (Heeeeeeeeeeeeey, heeeeeeeeeeeeey)  [Verse 3] Oh you just gonna stand there huh? What you too cute to dance? Or you scared? It ain't really that hard to do and I ain't trying to be in love with you and All I wanted was a moment or two to See if you could do that Switch-a-roo and Shut your mouth fool, get your crew and The thick body and the rear one too and I'll be right hear waiting on you to See if y'all can do that Switch-a-roo  (Heeeeeeeeeeeeey, heeeeeeeeeeeeey)  That's what I'm talking bout, do that thing mama That's what I'm talking bout, do that thing mama That's what I'm talking bout, do that thing mama That's what I'm talking bout, Switch  [Hook] (Heeeeeeeeeeeeey) Turn it over and hit it Turn around now switch (Heeeeeeeeeeeeey) Turn it over and hit it Ohh la la la Switch (Heeeeeeeeeeeeey) Turn it over and hit it Turn around now switch Turn it over and hit it Ohh la la la Switch (Heeeeeeeeeeeeey) Turn it over and hit it Turn around now switch (Heeeeeeeeeeeeey) Turn it over and hit it Ohh la la la Switch (Heeeeeeeeeeeeey) Turn it over and hit it Turn around now switch Turn it over and hit it Ohh la la la Switch","NA","A música é sobre dança e flerte em ambiente de festa. Não há frases que romantizem, naturalizem ou validem comportamentos tóxicos, abusivos ou controladores."
"2015","Ellie Goulding","Love Me Like You Do","[Produced by Max Martin]  [Verse 1] You're the light, you're the night You're the colour of my blood You're the cure, you're the pain You're the only thing I wanna touch Never knew that it could mean so much, so much  [Verse 2] You're the fear, I don't care Cause I've never been so high Follow me through the dark Let me take you past the satellites You can see the world you brought to life, to life  [Chorus] So love me like you do, la-la-love me like you do Love me like you do, la-la-love me like you do Touch me like you do, ta-ta-touch me like you do What are you waiting for?  [Verse 3] Fading in, fading out On the edge of paradise Every inch of your skin is a Holy Grail I've got to find Only you can set my heart on fire, on fire Yeah  [Bridge] I'll let you set the pace Cause I'm not thinking straight My head's spinning around, I can't see clear no more What are you waiting for?  [Chorus] Love me like you do, la-la-love me like you do Love me like you do, la-la-love me like you do Touch me like you do, ta-ta-touch me like you do What are you waiting for? Love me like you do, la-la-love me like you do Love me like you do, la-la-love me like you do Touch me like you do, ta-ta-touch me like you do What are you waiting for?  [Bridge] I'll let you set the pace Cause I'm not thinking straight My head's spinning around, I can't see clear no more What are you waiting for?  [Chorus] Love me like you do, la-la-love me like you do Love me like you do, la-la-love me like you do Touch me like you do, ta-ta-touch me like you do What are you waiting for? Love me like you do, la-la-love me like you do Love me like you do, la-la-love me like you do Touch me like you do, ta-ta-touch me like you do What are you waiting for?","moderado","""(I'll let you set the pace / Cause I'm not thinking straight / My head's spinning around, I can't see clear no more)"": Essas frases sugerem entrega total ao outro, perda de autonomia e racionalidade, o que pode ser interpretado como romantização de dependência emocional e submissão, características de relacionamentos tóxicos, ela tambem comenta que o amor pode ser otimo mas tambem pode ser uma fonte de sofrimento."
"1963","Dee Dee Sharp","Do The Bird","Look out, look out There's a big bad bird that's flyin' about Come on baby, do the bird with me Fly, yi, yi, yeah I, yi, yeah, baby Fly your hands around wing down  Do the bird, do the bird Do the shimmy, shimmy I feel for you gimme Do the bird, do the bird Come on were gonna work it out now Hey, hey, there do the bird with might, yeah  Come on take me to the sky above Fly ,yi, yi, yeah I Come on baby, we can fall in love Fly, yi, yi, yeah I Come on baby, shake it more and go And youll get another turn to float  Do the bird, do the bird Youre a crazy flyer Do the bird, do the bird You're gonna fly higher, yeah  Do the bird, do the bird Come on were gonna Loop-de-loop We're gonna hula hoop Twist and fly to the sky, baby, yeah Do the bird with might, yeah, yeah, yeah  Do the shimmy, shimmy A feel for you gimme Come on were gonna Twist tonight, pony ride Shake and shout work it out now  Hey baby, do the bird with me Oh, the bird you're a crazy flyer You're gonna fly higher Come on and come back A rock and roll, baby","NA","A letra é sobre dança e diversão, sem elementos de controle, abuso, dependência emocional ou romantização de sofrimento."
"1971","George Harrison","Isn't It A Pity","""[Verse 1] Isn't it a pity Now, isn't it a shame How we break each other's hearts And cause each other pain How we take each other's love Without thinking anymore Forgetting to give back Isn't it a pity [Verse 2] Some things take so long But how do I explain When not too many people Can see we're all the same And because of all their tears Their eyes can't hope to see The beauty that surrounds them Isn't it a pity [Chorus] Isn't it a pity Isn't is a shame How we break each other's hearts And cause each other pain How we take each other's love Without thinking anymore Forgetting to give back Isn't it a pity [Bridge] Forgetting to give back Isn't it a pity Forgetting to give back Now, isn't it a pity [Outro] What a pity What a pity, pity, pity What a pity What a pity, pity, pity""","moderado","A letra aborda a tristeza e a decepção que surgem quando as pessoas se machucam mutuamente,Harrison questiona a facilidade com que as pessoas podem esquecer de retribuir o amor que recebem, "
"2009","Britney Spears","If U Seek Amy","[Intro] La, la, la, la, la-la, la, la La, la, la, la, la-la, la, la La, la, la, la, la-la, la, la La, la, la, la, la-la, la, la  [Verse 1] Oh, baby baby, have you seen Amy tonight? Is she in the bathroom, is she smoking up outside? (Oh!) Oh, baby baby, does she take a piece of lime for the drink that I'mma buy her? Do you know just what she likes? (Oh!)  [Pre-Chorus] Oh-oh Tell me, have you seen her? 'Cause I'm so, oh I can't get her off of my brain I just wanna go to the party she gon' go Can somebody take me home? Ha-ha-he-he-ha-ha-ho  [Chorus] Love me, hate me Say what you want about me But all of the boys and all of the girls are begging to, if you seek Amy Love me, hate me But can't you see what I see? All of the boys and all of the girls are begging to, if you seek Amy  [Interlude] (Love me, hate me) La, la, la, la, la-la, la, la La, la, la, la, la-la, la, la  [Verse 2] Amy told me that she's gonna meet me up I don't know where or when, and now they're closing up the club (Oh!) I've seen her once or twice before, she knows my face But it's hard to see with all the people standing in the way (Oh!)  [Pre-Chorus] Oh-oh Tell me, have you seen her? 'Cause I'm so, oh I can't get her off of my brain I just wanna go to the party she gon' go Can somebody take me home? Ha-ha-he-he-ha-ha-ho  [Chorus] Love me, hate me Say what you want about me But all of the boys and all of the girls are begging to, if you seek Amy Love me, hate me But can't you see what I see? All of the boys and all of the girls are begging to, if you seek Amy  [Post-Chorus] (Love me, hate me) Oh, say what you want about me Oh, but can't you see what I see? (Love me, hate me) Oh, say what you want about me ('Bout me, 'bout me)  [Bridge] So tell me if you see her (Let me know what she was wearing, and what she was like) 'Cause I've been waiting here forever (Let me know where she was going, I don't mind) Oh, baby baby, if you seek Amy tonight (Oh!) Oh, baby baby, we'll do whatever you like Oh baby, baby, baby Oh baby, baby, baby  [Interlude] La, la, la, la, la-la, la, la La, la, la, la, la-la, la, la La, la, la, la, la-la, la, la La, la, la, la, la-la, la, la  [Chorus] Love me, hate me Say what you want about me But all of the boys and all of the girls are begging to, if you seek Amy Love me, hate me But can't you see what I see? All of the boys and all of the girls are begging to, if you seek Amy Love me, hate me Say what you want about me (Yeah, yeah) Love me, hate me But can't you see what I see? All of the boys and all of the girls are begging to, if you seek Amy  [Post-Chorus] (Love me, hate me) Oh, say what you want about me Oh, but can't you see what I see? (Love me, hate me) Oh, say what you want about me All of the boys and all of the girls Are begging to if you seek Amy","NA","A música tem teor provocativo e sexual, mas não há frases que romantizem, naturalizem ou validem comportamentos abusivos, possessivos ou de dependência emocional."
"1960","Everly Brothers","Cathy's Clown","[Hook] Don't want your love any more Don't want your kisses, that's for sure I die each time I hear this sound Here he comes, that's Cathy's clown  I've got to stand tall, you know a man can't crawl For when he knows you're telling lies And he hears them passing by He's not a man at all  [Hook]  When you see me shed a tear And you know that it's sincere Don't you think it's kind of sad, that you're treating me so bad? Or don't you even care?  [Hook] Don't want your love any more Don't want your kisses , that's for sure I die each time I hear this sound Here he comes, that's Cathy's clown That's Cathy's clown, that's Cathy's clown","alto","A letra aborda sofrimento por rejeição e traição, a letra expressa a dor de um amor não correspondido e a decisão de não mais aceitar o tratamento desrespeitoso de sua amada, Cathy. A letra expressa a dor de um amor não correspondido e a decisão de não mais aceitar o tratamento desrespeitoso de sua amada, Cathy."
"1961","Gary ""U.S."" Bonds","Quarter To Three","Don't you know that I danced, I danced till a quarter to three With the help, last night, of Daddy G He was swingin on the sax like a nobody could And I was dancin' all over the room Oh, don't you know the people were dancin' like they were mad It was the swingin'est band they had, ever had It was the swingin'est song that could ever be It was a night with Daddy G Let me tell you now I never had it so good Yeah and I know you never could Until you get hip with that jive And take a band like the Church Street Five Oh don't you know that I danced I danced till a quarter to three With the help last night of Daddy G Everybody was as happy as they could be And they were swingin with Daddy G Blow Daddy! Let me tell you now I never had it so good Yeah and I know you never could Until you get hip with that jive And take a band like the Church Street Five Oh don't you know that I danced I danced till a quarter to three With the help last night of Daddy G He was swingin on the sax like a nobody could And I was dancin all over the room Oh don't you know the Dance, do bee wa dah Dance, do bee wah dah You can dance, do bee wah dah You can dance, dance, dance","NA","A música fala de festa e diversão, sem qualquer referência a relacionamentos tóxicos"
"2014","Lorde","Team","[Intro] Wait till you're announced We've not yet lost all our graces The hounds will stay in chains Look upon Your Greatness and She'll send the call out Send the call out Send the call out Send the call out Send the call out Send the call out Send the call out Send the call out Send the call out Send the call out Send the call out Send the call out Send the call out Send the call out Send the call out Send the call out  [Verse 1] Call all the ladies out, they're in their finery A hundred jewels on throats A hundred jewels between teeth Now bring my boys in, their skin in craters like the moon The moon we love like a brother, while he glows through the room  [Pre-Chorus] Dancin' around the lies we tell Dancin' around big eyes as well Even the comatose, they don't dance and tell  [Chorus] We live in cities you'll never see onscreen Not very pretty, but we sure know how to run things Livin' in ruins of a palace within my dreams And you know we're on each other's team  [Post-Chorus] I'm kind of over gettin' told to throw my hands up in the air So there  [Verse 2] So all the cups got broke Shards beneath our feet But it wasn't my fault And everyone's competing for a love they won't receive 'Cause what this palace wants is release  [Chorus] We live in cities you'll never see onscreen Not very pretty, but we sure know how to run things Livin' in ruins of a palace within my dreams And you know we're on each other's team  [Post-Chorus] I'm kind of over gettin' told to throw my hands up in the air So there I'm kind of older than I was when I reveled without a care So there  [Chorus] We live in cities you'll never see onscreen Not very pretty, but we sure know how to run things Livin' in ruins of a palace within my dreams And you know we're on each other's team  [Outro] We're on each other's team And you know we're on each other's team We're on each other's team We're on each other's team And you know, and you know, and you know","NA","A música fala de amizade, juventude e resistência, sem validação de comportamentos abusivos em relacionamentos amorosos."
"1966","? and The Mysterians","96 Tears","Too many teardrops For one heart to be cryin' Too many teardrops For one heart to carry on  You're way on top now Since you left me You're always laughin' Way down at me  But watch out now I'm gonna get there We'll be together For just a little while  And then I'm gonna put you Way down here And you'll start cryin' 96 tears  Cry Cry  And when the sun comes up I'll be on top You'll be right down there Lookin' up  And I might wave Come up here But I don't see you Wavin' now  I'm way down here Wonderin' how I'm gonna get you But I know now  I'll just cry Cry I'll just cry  Too many teardrops For one heart to be cryin' Too many teardrops For one heart to carry on  You're gonna cry 96 tears You're gonna cry 96 tears You're gonna cry, cry, cry, cry, now You're gonna cry, cry, cry, cry  96 tears, c'mon, let me hear you cry, now 96 tears, woo, I wanna hear you cry Night and day, yeah, all night long  96 tears, cry, cry, cry C'mon baby, let me hear you cry now All night long, 96 tears Yeah, c'mon now, 96 tears","moderado","""(But watch out now I'm gonna get there We'll be together For just a little while And then I'm gonna put you Way down here And you'll start cryin' 96 tears)"" — O trecho sugere desejo de Gary ""U.S."" Bonds – Quarter To Three 1961) Lorde – Team 2014) ? and The Mysterians – 96 Tears 1966) vingança emocional, com a intenção de fazer o outro sofrer como punição, o que valida uma dinâmica de retaliação e sofrimento mútuo, típica de relacionamentos tóxicos"
"1976","Keith Carradine","I'm Easy","{Intro}  It's not my way to love you Just when no one's looking It's not my way to take Your hand if I'm not sure  It's not my way to let you see What's going on inside of me When it's a love you Won't be needing, you're not free  Please stop pulling at my sleeve If you're just playing If you won't take the things You make me want to give  I never cared too much for games And this one's driving me insane You're not half as free To wander as you claim  But I'm easy, yeah, I'm easy Give the word, I'll play your game As though that's how it ought to be Because I'm easy  Don't lead me on If there's nowhere For you to take me If loving you will have To be a sometime thing  I can't put bars on my insides My love is something I can't hide It still hurts when I recall The times I've tried  I'm easy, yeah I'm easy Take my hand and pull me down I won't put up any fight Because I'm easy  Don't do me favors Let me watch you from a distance Cause when you're near I find it hard to keep my head  When your eyes throw light at mine It's enough to change my mind Make me leave my Cautious words and ways behind  That's why I'm easy, yeah, I'm easy Say you want me, I'll come running Without taking time to think Because I'm easy  Take my hand and pull me down I won't put up any fight Because I'm easy  Yeah, I'm easy Give the word, I'll play your game As though that's how it ought to be Because I'm easy","moderado","""(Give the word, I'll play your game As though that's how it ought to be Because I'm easy)"" e "" (Say you want me, I'll come running Without taking time to think Because I'm easy)"" — Expressam submissão total e falta de autonomia, elementos que podem naturalizar a ideia de que o outro deve se submeter para agradar, característica de relacionamentos tóxicos"
"1961","Adam Wade","Take Good Care Of Her","I suppose I ought to say congratulations For you've won the only girl I ever loved  But I hurt too much to face the situation Just take good care of her Take good care of her  Just to be around her Was my greatest pleasure She was everything My future held in store  So, remember When you take my only treasure Please, take good care of her Take good care of her  I must accept it She loves you more than me So with my broken heart I'll bow out gracefully  Please don't send me Any wedding invitation For I couldn't bear to see her there with you  If she's happy That will be my consolation So, take good care of her Take good care of her  Take good care of her Take good care of her","NA","A letra expressa dor pela perda de sua amada, contudo não demonstra indicios de relacionamentos toxicos."
"1994","Seal","Prayer For The Dying","[Verse 1] Fearless people Careless needle Harsh words spoken And lives are broken Forceful aging Help me, I'm fading Heaven's waiting It's time to move on  [Hook 1] Crossing that bridge With lessons I've learned Playing with fire And not getting burned I may not know what you're going through But time is the space between me and you Life carries on It goes on  [Verse 2] Just say, ""Die,"" and that would be pessimistic In your mind, we can walk across water Please don't cry, it's just a prayer for the dying I just don't know what's got into me  [Hook 1] Crossing that bridge With lessons I've learned Playing with fire And not getting burned I may not know what you're going through But time is the space between me and you Life carries on It goes on  [Hook 2] There is a light through that window Hold on say yes, while people say no Life carries on It goes on  [Hook 1] Crossing that bridge With lessons I've learned Playing with fire And not getting burned I may not know what you're going through But time is the space between me and you Life carries on It goes on  [Hook 2] There is a light through that window Hold on say yes, while people say no Life carries on It goes on It goes on Goes, goes Life carries on  [Outro] When nothing else matters When nothing else matters I just don't know what's got into me It's just a prayer for the dying For the dying","NA","A música aborda temas existenciais e superação, sem referência a dinâmicas tóxicas de relacionamento."
"2010","Daughtry","Life After You","[Verse 1] Ten miles from town and I just broke down Spittin' out smoke on the side of the road I'm out here alone just tryin' to get home To tell you I was wrong, but you already know  [Chorus 1] Believe me, I won't stop at nothin' To see you, so I've started runnin'  [Chorus 2] All that I'm after is a life full of laughter As long as I'm laughing with you I'm thinking that all that still matters is love ever after After the life we've been through 'Cause I know there's no life after you  [Verse 2] Last time we talked, the night that I walked Burns like an iron in the back of my mind I must've been high to say you and I Weren't meant to be and just wasting my time  [Chorus 1] Oh, why did I ever doubt you? You know I would die here without you  [Chorus 2] All that I'm after is a life full of laughter As long as I'm laughing with you I'm thinking that all that still matters is love ever after After the life we've been through 'Cause I know there's no life after you  [Bridge] You and I, right or wrong, there's no other one After this time I spent alone It's hard to believe that a man with sight could be so blind Thinkin' 'bout the better times, must've been outta my mind So I'm runnin' back to tell you  [Chorus 1] All that I'm after is a life full of laughter Without you, God knows what I'd do, yeah  [Chorus 2] All that I'm after is a life full of laughter As long as I'm laughing with you I'm thinking that all that still matters is love ever after After the life we've been through, yeah Know there's no life after you  [Outro] Know there's no life after you (know there's no life after you) Know there's no life after you (know there's no life after you) Know there's no life after you (know there's no life after you) Know there's no life after you, yeah","NA","A letra não apresenta um relacionamento tóxica"
"1985","Jack Wagner","All I Need","[Verse 1] Kissing you was not what I had planned And now I'm not so sure just where I stand I wasn't looking for true love But now you're looking at me You're the only one I can think of You're the only one I see  [Chorus] All I need Is just a little more time To be sure what I feel Is it all in my mind Cause it seems so hard to believe That you're all I need  [Verse 2] Yes it's true we've all been hurt before But it doesn't seem to matter anymore It may be a chance we're taking But it always comes to this If this isn't love we're making Then I don't know what it is  [Pre-Chorus] All I need Is just a little more time To be sure what I feel Is it all in my mind Cause it seems so hard to believe  [Chorus] All I need Is just a little more time To be sure what I feel Is it all in my mind Cause it seems so hard to believe That you're all I need  [Verse 3] No stars are out tonight But we're shining our own light And it's never felt so bright Cause girl the way I'm feeling It's easy to believe That you're all I need  [Outro] Ahhhh You're all I need Oooooh ahhhh","muito baixo","Apesar do tom romântico, ""I guess it's true we've all been hurt before"" neste trecho da a entender que pouderam ter passado por alguns
 comportamentos abusivos, possessivos ou de dependência emocional, mas não é nada muito grave ou exagerado."
"1992","U2","Mysterious Ways","[Verse 1] Johnny, take a walk with your sister the moon Let her pale light in, to fill up your room You've been living underground, eating from a can You've been running away from what you don't understand, love  [Pre-Chorus] She's slippy, you're sliding down She'll be there when you hit the ground  [Chorus] It's alright, it's alright, it's alright She moves in mysterious ways It's alright, it's alright, it's alright She moves in mysterious ways, oh  [Verse 2] Johnny, take a dive with your sister in the rain Let her talk about the things you can't explain To touch is to heal, to hurt is to steal If you want to kiss the sky, better learn how to kneel On your knees, boy!  [Pre-Chorus] She's the wave, she turns the tide She sees the man inside the child  [Chorus] It's alright, it's alright, it's alright She moves in mysterious ways, oh It's alright, it's alright, it's alright She moves in mysterious ways, oh It's alright, It's alright, alright Lift my days, light up my nights, oh  [Bridge] One day you'll look back, and you'll see Where you were held now by this love While you could stand there You could move on this moment Follow this feeling  [Chorus] It's alright, it's alright, it's alright She moves in mysterious ways It's alright, it's alright, it's alright She moves in mysterious ways, oh  [Outro] Move you, spirits move you Move, spirits 'its move you, oh yeah Does it move you? She moves with it Lift my days, and light up my nights, oh We move through miracle days Spirit moves in mysterious ways She moves with it She moves with it Lift my days, light up my nights","NA","A música utiliza metáforas espirituais e de autoconhecimento, sem elementos de validação de relacionamento tóxico."
"1976","Andrea True Connection","More, More, More","Ooh, how do you like your love? Ooh, how do you like your love? But if you want to know How I really feel Just get the cameras rollin' And get the action goin' Baby you know My love for you is real So take me where you want to Me and my heart you steal  (More, more, more) How do you like it? How do you like it? (More, more, more) How do you like it? How do you like it? (More, more, more) How do you like it? How do you like it?  Ooh, how do you like your love? Ooh, how do you like your love?  But if you want to know How I really feel Just get the cameras rollin' Get the action goin' Baby you know My love for you is real So take me where you want to Me and my heart you steal  (More, more, more) How do you like it? How do you like it? (More, more, more) How do you like it? How do you like it? (More, more, more) How do you like it? How do you like your love?  But if you want to know How I really feel Get the cameras rollin' Get the action goin' (More, more, more) How do you like it? How do you like it? (More, more, more) How do you like it? How do you like it? (More, more, more) How do you like it? How do you like it?","NA","A letra é sobre desejo e entrega, sem elementos de abuso, posse ou controle."
"2009","Lady Gaga feat. Colby O'Donis","Just Dance","[Intro: Lady Gaga & Akon] RedOne Konvict Gaga (Oh-oh, eh)  [Verse 1: Lady Gaga & Akon] I've had a little bit too much, much (Oh, oh, oh-oh) All of the people start to rush (Start to rush by) A dizzy twister dance Can't find my drink or man Where are my keys? I lost my phone, phone (Oh, oh, oh-oh)  [Pre-Chorus: Lady Gaga] What's going on on the floor? I love this record, baby, but I can't see straight anymore Keep it cool What's the name of this club? I can't remember, but it's alright, alright  [Chorus: Lady Gaga] Just dance Gonna be okay Da-da-doo-doot-n, just dance Spin that record, babe Da-da-doo-doot-n, just dance Gonna be okay Da-da-da-dance, dance, dance Just j-j-just dance  [Verse 2: Lady Gaga & Akon] Wish I could shut my playboy mouth (Oh, oh, oh-oh) How'd I turn my shirt inside out? (Inside out, right) Control your poison, babe Roses have thorns, they say And we're all gettin' hosed tonight (Oh, oh, oh-oh)  [Pre-Chorus: Lady Gaga] What's going on on the floor? I love this record, baby, but I can't see straight anymore Keep it cool What's the name of this club? I can't remember, but it's alright, alright  [Chorus: Lady Gaga] Just dance Gonna be okay Da-da-doo-doot-n, just dance Spin that record, babe Da-da-doo-doot-n, just dance Gonna be okay Da-da-da-dance, dance, dance Just j-j-just dance  [Verse 3: Colby O'Donis] When I come through on the dance floor, checking out that catalogue Can't believe my eyes So many women without a flaw And I ain't gonna give it up Steady, tryna pick it up, like a call I'mma hit it, I'mma beat it and latch onto it until tomorrow, yeah Shorty, I can see that you got so much energy The way you twirling up them hips 'round and 'round And there is no reason at all why you can't leave here with me In the meantime, stay and let me watch you break it down  [Chorus: Lady Gaga & Akon] And dance Gonna be okay (Oh-oh) Da-da-doo-doot-n, just dance (Ooh, yeah) Spin that record, babe Da-da-doo-doot-n, just dance (Ooh, yeah) Gonna be okay Da-da-doo-doot-n, just dance (Ooh, yeah) Spin that record, babe Da-da-doo-doot-n, just dance (Oh) Gonna be okay Da-da-da-dance, dance, dance (Gonna be okay, yeah) Just j-j-just dance (Oh)  [Interlude: Akon] (Incredible... amazing... music) Wooo! Let's go!  [Bridge: Lady Gaga & Akon] Half psychotic, sick, hypnotic, got my blueprint, it's symphonic Half psychotic, sick, hypnotic, got my blueprint, electronic Half psychotic, sick, hypnotic, got my blueprint, it's symphonic Half psychotic, sick, hypnotic, got my blueprint, electronic Go! Use your muscle, carve it out, work it, hustle (I got it, just stay close enough to get it on) Don't slow! Drive it, clean it, Lysol, bleed it Spend the last dough (I got it) in your pock-o (I got it)  [Chorus: Lady Gaga] Just dance Gonna be okay Da-da-doo-doot-n, just dance Spin that record, babe Da-da-doo-doot-n, just dance Gonna be okay Da-da-doo-doot-n, just dance Spin that record, babe Da-da-doo-doot-n, just dance Gonna be okay Da-da-da-dance, dance, dance Just j-j-just dance","NA","A música é sobre festa e diversão, sem referência a relacionamentos tóxicos."
"1982","Dazz Band","Let It Whip","[Verse 1] Wanna see you with it Sho' could treat you right Give me just a minute Of your time tonight We both are here to have good fun So let it whip We'll get to groovin' Love your body language Baby, let me know You've got me sort of anxious We both are here to have good fun So let it whip  [Chorus] So let it whip (Let's whip it, baby) Child (Let's whip it right) Get a grip (Let's whip it baby) (Work it all night) Well, what's your trip? (No no) Child C'mon let it whip Oww-hoo  [Verse 2] Now that you can see How you groove with me What else can I do To get closer to you We both are here to have good fun So let it whip We have the natural feeling Obviously revealing Let me be your paper man I'd love to be your joker man We both are here to have good fun So let it whip  [Chorus] So let it whip (Let's whip it, baby) Child (Let's whip it right) Get a grip (Let's whip it baby) (Work it all night) Well, what's your trip? (No no) Child C'mon let it whip Oww-hoo So let it whip (Let's whip it, baby) Child (Let's whip it right) Get a grip (Let's whip it baby) (Work it all night) Well, what's your trip? (No no) Child C'mon let it whip Oww-hoo  [Bridge] (There's no time to lose) There is no time to lose (You're the one I choose) (You're so right) You're the one I choose I only wanna be with you You're the one for me Can't you see that I (I won't waste your time) I won't waste your time (I sense something divine in you) Something divine in you (Yes I do) Oooh-hoo  [Chorus] So let it whip (Let's whip it, baby) Child (Let's whip it right) Get a grip (Let's whip it baby) (Work it all night) Well, what's your trip? (No no) Child C'mon let it whip Oww-hoo  [Bridge] (There's no time to lose) There is no time to lose (You're the one I choose) (You're so right) You're the one I choose I only wanna be with you You're the one for me Can't you see that I (I won't waste your time) I won't waste your time (I sense something divine in you) Something divine in you (Yes I do) Oooh-hoo  [Chorus] So let it whip (Let's whip it, baby) Child (Let's whip it right) Get a grip (Let's whip it baby) (Work it all night) Well, what's your trip? (No no) Child C'mon let it whip Oww-hoo So let it whip (Let's whip it, baby) Child (Let's whip it right) Get a grip (Let's whip it baby) (Work it all night) Well, what's your trip? (No no) Child C'mon let it whip Oww-hoo","NA","A letra faz referência a dança e sedução, sem elementos de abuso, posse ou controle."
"2021","The Kid Laroi and Justin Bieber","Stay","Waiting for the time to pass you by Hope the winds of change will change your mind I could give a thousand reasons why And I know you, and you've got to  [Pre-Chorus] Make it on your own, but we don't have to grow up We can stay forever young Living on my sofa, drinking rum and cola Underneath the rising sun I could give a thousand reasons why But you're going, and you know that  [Chorus] All you have to do is stay a minute Just take your time The clock is ticking, so stay All you have to do is wait a second Your hands on mine The clock is ticking, so stay  [Post-Chorus] All you have to do is All you have to do is stay You might also like[Verse 2] Won't admit what I already know I've never been the best at letting go I don't wanna spend the night alone Guess I need you, and I need to  [Pre-Chorus] Make it on my own, but I don't wanna grow up We can stay forever young Living on my sofa, drinking rum and cola Underneath the rising sun I could give a million reasons why But I'm going, and you know that  [Chorus] All you have to do is stay a minute Just take your time The clock is ticking, so stay All you have to do is wait a second Your hands on mine The clock is ticking, so stay  [Post-Chorus] All you have to do is All you have to do is stay [Bridge] All you have to do is stay So stay, yeah  [Chorus] All you have to do is stay a minute Just take your time The clock is ticking, so stay All you have to do is wait a second Your hands on mine The clock is ticking, so stay All you have to do is stay  [Outro] Stay86Embed","alto","""(I don't wanna spend the night alone Guess I need you, and I need to)"" — Indica dependência emocional e dificuldade de lidar com a separação, podendo naturalizar a ideia de que não se pode ficar só, característica de relacionamentos tóxicos, ""I do the same thing I told you that I never would"" —  sugere um ciclo de promessas quebradas e a dificuldade em mudar comportamentos autodestrutivos, ""I'll be fucked up if you can't be right here""  — transmite uma sensação de urgência e desespero, onde o eu lírico reconhece o valor do amor e da conexão que tem, temendo que seus próprios erros possam destruir essa relação"
"2008","Fergie","Big Girls Don't Cry","[Intro] La, da, da, da  [Verse 1] The smell of your skin lingers on me now You're probably on your flight back to your hometown I need some shelter of my own protection, baby Be with myself and center Clarity, peace, serenity  [Chorus] I hope you know, I hope you know That this has nothing to do with you It's personal, myself and I We got some straightening out to do And I'm gonna miss you like a child misses their blanket But I've got to get a move on with my life It's time to be a big girl now And big girls don't cry Don't cry, don't cry, don't cry  [Verse 2] The path that I'm walking, I must go alone I must take the baby steps 'til I'm full grown, full grown Fairytales don't always have a happy ending, do they? And I foresee the dark ahead if I stay  [Chorus] I hope you know, I hope you know That this has nothing to do with you It's personal, myself and I We got some straightening out to do And I'm gonna miss you like a child misses their blanket But I've got to get a move on with my life It's time to be a big girl now And big girls don't cry  [Bridge] Like the little schoolmate in the school yard We'll play jacks and UNO cards I'll be your best friend and you'll be my Valentine Yes, you can hold my hand if you want to 'Cause I wanna hold yours too We'll be playmates and lovers And share our secret worlds But it's time for me to go home It's getting late and dark outside I need to be with myself and center Clarity, peace, serenity, yeah  [Chorus] I hope you know, I hope you know That this has nothing to do with you It's personal, myself and I We got some straightening out to do And I'm gonna miss you like a child misses their blanket But I've got to get a move on with my life It's time to be a big girl now And big girls don't cry Don't cry, don't cry, don't cry  [Outro] La, da, da, da, da, da","muito baixo","A música fala de autonomia e amadurecimento após o fim de um relacionamento, sem validação de dinâmicas abusivas."
"2005","Howie Day","Collide","[Verse 1] The dawn is breaking A light shining through You're barely waking And I'm tangled up in you, yeah  I'm open, you're closed Where I follow, you'll go I worry I won't see your face Light up again  [Chorus] Even the best fall down sometimes Even the wrong words seem to rhyme Out of the doubt that fills my mind I somehow find you and I collide  [Verse 2] I'm quiet you know You make a first impression I've found I'm scared to know I'm always on your mind  [Chorus] Even the best fall down sometimes Even the stars refuse to shine Out of the back you fall in time I somehow find you and I collide  [Bridge] Don't stop here I lost my place I'm close behind  [Chorus] Even the best fall down sometimes Even the wrong words seem to rhyme Out of the doubt that fills my mind I somehow find you and I collide  [Outro] You finally find you and I collide You finally find you and I collide","muito baixo"," ""Even the best fall down sometimes / Even the wrong words seem to rhyme"" - sugere que todos cometem erros, mesmo aqueles que são considerados os melhores em algo."
"2017","Paramore","Pool","As if the first cut wasn't deep enough I dove in again 'cause I'm not into giving up Could've gotten the same rush from any lover's touch Why get used to something new? 'Cause no one breaks my heart like you When you kiss me, I wish we could see what happens next For a moment I could forget what happens in my head If I doubt you, will you come through with a happy second chance? A happy ending, but this time you don't leave me sinking (I'm underwater) no air in my lungs (My eyes are open) I'm done giving up Howie Day – Collide (2005) 5 6 7 Quero que faça a mesma analise com as próximas músicas, vou repassar A próxima música é a ""Pool, artista Paramore, me diga o ano e analise como as de cima a letra: (You are the wave) I could never tame (If I survive) I'll dive back in As if the first blood didn't thrill enough I went further out to see what else was left of us I never found the deep end of our little ocean Drain the fantasy of you Headfirst into shallow pools And I wonder, is it better to get it over with? The illusion can shatter before we begin If you're really sorry, happy second chance I think I could forgive, this time you won't leave me sinking (I'm underwater) no air in my lungs (My eyes are open) I'm done giving up (You are the wave) I could never tame (If I survive) I'll dive back in Dive back into Right back into Dive right back into you And now I know you Now I know you Now that I know you Dive right back into you Back into Right back into you Dive right back into you And now I know you Now I know you Now that I know you Dive right back into you (I'm underwater) no air in my lungs (My eyes are open) I'm done giving up (You are the wave) I could never tame (If I survive) I'll dive back in (I'm underwater) no air in my lungs (My eyes are open) I'm done giving up (You are the wave) I could never tame (If I survive) I'll dive back in I'll dive back in I'll dive back","muito alto","A narrativa da canção começa com a relutância em desistir, mesmo após ter sido ferido ""As if the first cut wasn't deep enough"",""(I dove in again 'cause I'm not into giving up)"": Indica insistência em permanecer em um relacionamento mesmo após sofrimento, sugerindo dificuldade em romper com padrões prejudiciais. ""('Cause no one breaks my heart like you)"": Romantiza o sofrimento causado pelo outro, validando a ideia de que a intensidade da dor é uma forma de amor. ""(this time you don't leave me sinking)"": Naturaliza a expectativa de abandono e sofrimento, como se fosse recorrente e parte da dinâmica do casal. ""(I went further out to see what else was left of us)"": Demonstra busca contínua por algo que já causou dor, reforçando o ciclo de persistência em relações prejudiciais. ""(I think I could forgive, this time you won't leave me sinking)"": Sugere perdão repetido após sofrimento, alimentando a esperança de que o padrão negativo não se repita, o que é comum em relacionamentos tóxicos. ""(I'm underwater) no air in my lungs /(You are the wave) I could never tame /(If I survive) I'll dive back in"": Metáforas de sufocamento, falta de controle e retorno ao relacionamento mesmo após sofrimento, reforçando a ideia de dependência emocional e repetição de padrões tóxicos."
"2017","Lorde","Supercut","In my head I play a supercut of us All the magic we gave off All the love we had and lost Letra analisada (com marcações): And in my head The visions never stop These ribbons wrap me up But when I reach for you There's just a supercut In your car, the radio up In your car, the radio up We keep trying to talk about us I'm someone you maybe might love I'll be your quiet afternoon crush Be your violent overnight rush Make you crazy over my touch But it's just a supercut of us Supercut of us Oh, it's just a supercut of us Supercut of us So I fall Into continents and cars All the stages and the stars, I turn all of it To just a supercut 'Cause in my head (in my head, I do everything right) (When you call, I'll forgive and not fight) Because ours are the moments I play in the dark We were wild and fluorescent, come home to my heart In your car, the radio up In your car, the radio up We keep trying to talk about us Slow motion, I'm watching our love I'll be your quiet afternoon crush Be your violent overnight rush Make you crazy over my touch But it's just a supercut of us Supercut of us Oh, it's just a supercut of us Supercut of us But it's just a supercut of us Supercut of us Oh, it's just a supercut of us Supercut of us ('Cause in my head, in my head, I do everything right) (When you call, I'll forgive and not fight) All the moments I play in the dark Wild, fluorescent, come home to my heart, oh ('Cause in my head, in my head, I do everything right) (When you call, I'll forgive and not fight) Because ours are the moments I play in the dark We were wild and fluorescent, come home to my heart ('Cause in my head, in my head, I do everything right) (When you call, I'll forgive and not fight) Because ours are the moments I play in the dark We were wild and fluorescent, come home to my heart In my head, I do everything right In my head, I do everything right","moderado","""(When you call, I'll forgive and not fight)"": Esta frase naturaliza a ideia de perdão automático e ausência de diálogo ou enfrentamento de conflitos, sugerindo submissão e possível anulação das próprias necessidades em prol do outro, o que pode ser característico de relacionamentos tóxicos. ""(in my head, I do everything right)"": Embora mais sutil, pode indicar autocrítica exagerada e responsabilização pessoal pelo fracasso do relacionamento, o que pode contribuir para dinâmicas de culpa e dependência emocional. ""Make you crazy over my touch"": Embora não necessariamente tóxica, pode ser interpretada como valorização de relações intensas e instáveis, o que, dependendo do contexto, pode reforçar padrões de intensidade emocional prejudicial."
"2018","Healsey","Without Me","Without me, without me, yeah Without me, without me, yeah Found you when your heart was broke (I filled your cup until it overflowed) (Took it so far to keep you close) (keep you close) (I was afraid to leave you on your own) (I said I'd catch you if you fall) And if they laugh, then fuck 'em all (And then I got you off your knees Put you right back on your feet Just so you could take advantage of me) Letra analisada (com marcações): Tell me how's it feel sittin' up there Feeling so high, but too far away to hold me (You know I'm the one who put you up there Name in the sky, does it ever get lonely?) Thinking you could live without me Thinking you could live without me (Baby, I'm the one who put you up there I don't know why) (I don't know why) Thinking you could live without me Live without me (Baby, I'm the one who put you up there I don't know why) (I don't know why) (Gave love 'bout a hundred tries Just running from the demons in your mind Then I took yours and made 'em mine I didn't notice 'cause my love was blind) (I said I'd catch you if you fall) And if they laugh, then fuck 'em all (And then I got you off your knees Put you right back on your feet Just so you could take advantage of me) Tell me how's it feel sittin' up there Feeling so high, but too far away to hold me (You know I'm the one who put you up there Name in the sky, does it ever get lonely?) Thinking you could live without me Thinking you could live without me (Baby, I'm the one who put you up there I don't know why) (yeah, I don't know why) Thinking you could live without me Live without me (Baby, I'm the one who put you up there I don't know why, yeah) You don't have to say just what you did I already know I had to go and find out from them So tell me how's it feel Tell me how's it feel sittin' up there Feeling so high, but too far away to hold me (You know I'm the one who put you up there Name in the sky, does it ever get lonely?) Thinking you could live without me Thinking you could live without me (Baby, I'm the one who put you up there I don't know why) (yeah, I don't know why)","alto","""(I filled your cup until it overflowed)"" e ""(Took it so far to keep you close)"": Expressam dedicação extrema e sacrifício pessoal para manter o outro por perto, indicando dependência emocional e dificuldade de estabelecer limites saudáveis. ""(I was afraid to leave you on your own)"": Demonstra medo de abandono e possível codependência. ""(And then I got you off your knees / Put you right back on your feet / Just so you could take advantage of me)"": Indica uma dinâmica de autoanulação e ressentimento, onde a pessoa se coloca em posição de salvadora e sente-se usada. ""(Baby, I'm the one who put you up there /I don't know why)"": Reforça a ideia de que a própria felicidade ou sucesso do outro depende exclusivamente do eu-lírico, o que pode alimentar relações de controle e dependência. ""(Then I took yours and made 'em mine /I didn't notice 'cause my love was blind)"": Demonstra absorção dos problemas do outro e cegueira emocional, características comuns em relações tóxicas."
"2013","Demi Lovato","Heart Attack","(Putting my defenses up 'Cause I don't wanna fall in love If I ever did that I think I'd have a heart attack) Never put my love out on the line Never said yes to the right guy Never had trouble getting what I want (But when it comes to you, I'm never good enough) When I don't care I can play 'em like a Ken doll Won't wash my hair Then make 'em bounce like a basketball Letra analisada (com marcações): (But you make me wanna act like a girl Paint my nails and wear high heels Yes, you make me so nervous That I just can't hold your hand) You make me glow But I cover up, won't let it show (So I'm putting my defenses up 'Cause I don't wanna fall in love If I ever did that I think I'd have a heart attack I think I'd have a heart attack I think I'd have a heart attack) Never break a sweat for the other guys (When you come around, I get paralyzed And every time I try to be myself It comes out wrong, like a cry for help It's just not fair Pain's more trouble than love is worth I gasp for air It feels so good, but you know it hurts) (But you make me wanna act like a girl Paint my nails and wear perfume Boy, you, make me so nervous That I just can't hold your hand) You make me glow But I cover up, won't let it show (So I'm putting my defenses up 'Cause I don't wanna fall in love If I ever did that I think I'd have a heart attack I think I'd have a heart attack I think I'd have a heart attack) (The feelings got lost in my lungs They're burning, I'd rather be numb And there's no one else to blame So scared, I take off and I run I'm flying too close to the Sun And I burst into flames) You make me glow But I cover up, won't let it show (So I'm putting my defenses up 'Cause I don't wanna fall in love If I ever did that I think I'd have a heart attack I think I'd have a heart attack (heart attack) I think I'd have a heart attack Oh, I think I'd have a heart attack I think I'd have a heart attack)","muito alto","""(Putting my defenses up /'Cause I don't wanna fall in love /If I ever did that /I think I'd have a heart attack)"": Expressa medo intenso de se envolver emocionalmente, sugerindo que o amor é associado a sofrimento extremo e perda de controle emocional. ""(But when it comes to you, I'm never good enough)"": Indica sentimento de insuficiência diante do outro, o que pode reforçar baixa autoestima e dependência emocional. ""(But you make me wanna act like a girl / Paint my nails and wear high heels / Yes, you make me so nervous / That I just can't hold your hand)"": Sugere mudança de comportamento e autoanulação para agradar o outro, o que pode ser prejudicial à identidade e à saúde emocional. ""(When you come around, I get paralyzed / And every time I try to be myself /It comes out wrong, like a cry for help /It's just not fair / Pain's more trouble than love is worth /I gasp for air /It feels so good, but you know it hurts)"": Romantiza a ideia de que o amor é doloroso, paralisante e angustiante, naturalizando sofrimento como parte da experiência amorosa. ""(The feelings got lost in my lungs / They're burning, I'd rather be numb / And there's no one else to blame / So scared, I take off and I run /I'm flying too close to the Sun / And I burst into flames)"": Metáforas de dor emocional intensa e fuga, reforçando a associação entre amor e sofrimento extremo."
"2016","Foxes","Better Love","Show me love (better la-la-la-love) Show me love (better la-la-la-love) (I cried myself to sleep again) (You lie right there, but I've learned nothing) I do my best to ease your pain (And here we are, but we've learned nothing) And (it's killing me When I'm in your arms I forget the darker days) And (it's haunting me These feet of mine Won't let me march away) Letra analisada (com marcações): Don't ask me how (But I always thought that we could have a better love) (When you lay me down I forget that all I want is a better love) Show me a better love Show me a better, better love Show me a better love Show me a better, better love (I hurt myself again today) (You lie right there and you say nothing) I do my best to leave this pain (But here we are and we've learned nothing) And (it's killing me When I'm in your arms I forget the darker days) And (it's haunting me These feet of mine Won't let me march away) Don't ask me how (But I always thought that we could have a better love) (When you lay me down I forget that all I want is a better love) Show me a better love Show me a better, better love Show me a better love Show me a better, better love Show me love (better la-la-la-love) Show me love (better la-la-la-love) And (it's killing me When I'm in your arms I forget the darker days) And (it's haunting me These feet of mine Won't let me march away) Show me a better love A better love Better, better love Show me a better love A better Better, a better love Show me a better love Show me a better, better love Show me a better love Show me a better, better love Show me love (better la-la-la-love)","muito alto","""Show me a better love"" reflete um desejo profundo por um amor mais significativo e satisfatório. ""(I cried myself to sleep again)"": Expressa sofrimento recorrente dentro do relacionamento, sugerindo um ciclo de dor emocional. ""(You lie right there, but I've learned nothing)"" e ""(You lie right there and you say nothing)"": Indicam ausência de comunicação e falta de resolução de problemas, elementos comuns em relações tóxicas. ""(And here we are, but we've learned nothing)"": Naturaliza a repetição de padrões negativos, sem evolução ou mudança. ""(It's killing me / When I'm in your arms /I forget the darker days)"": Romantiza a ideia de que o afeto do outro é suficiente para apagar o sofrimento, mesmo que esse sofrimento seja recorrente. ""(It's haunting me / These feet of mine / Won't let me march away)"": Sugere dificuldade em se afastar, mesmo diante da dor, indicando dependência emocional. ""(But I always thought that we could have a better love)"" e ""(When you lay me down /I forget that all I want is a better love)"": Demonstra esperança de mudança e permanência apesar do sofrimento, característica de quem permanece em relacionamentos tóxicos na expectativa de melhora. ""(I hurt myself again today)"": Pode ser interpretado literalmente ou metaforicamente, mas reforça o ciclo de autossabotagem emocional dentro da relação."
"2001","Destiny's Child","Survivor","Now that you're out of my life I'm so much better You thought that I'd be weak without you But I'm stronger You thought that I'd be broke without you But I'm richer You thought that I'd be sad without you I laugh harder You thought I wouldn't grow without you Now I'm wiser Though that I'd be helpless without you But I'm smarter You thought that I'd be stressed without you But I'm chillin' You thought I wouldn't sell without you Sold nine million I'm a survivor (what?) I'm not gon' give up (what?) I'm not gon' stop (what?) I'm gon' work harder (what?) I'm a survivor (what?) I'm gonna make it (what?) I will survive (what?) Keep on survivin' (what?) I'm a survivor (what?) I'm not gon' give up (what?) I'm not gon' stop (what?) I'm gon' work harder (what?) I'm a survivor (what?) I'm gonna make it (what?) Letra analisada (com marcações): I will survive (what?) Keep on survivin' (what?) Thought I couldn't breathe without you I'm inhalin' You thought I couldn't see without you Perfect vision You thought I couldn't last without you But I'm lastin' You thought that I would die without you But I'm livin' Thought that I would fail without you But I'm on top Thought it would be over by now But it won't stop Thought that I would self destruct But I'm still here Even in my years to come I'm still gon' be here I'm a survivor (what?) I'm not gon' give up (what? Yeah) I'm not gon' stop (what?) I'm gon' work harder (what? Yeah) I'm a survivor (what?) I'm gonna make it (what? Yeah) I will survive (what?) Keep on survivin' (what? Keep on survivin', yeah) I'm a survivor (what?) I'm not gon' give up (what? Yeah) I'm not gon' stop (what? I'm not) I'm gon' work harder (what? I'm gon' work harder, yeah) I'm a survivor (what?) I'm gonna make it (what?) I will survive (what? I will survive, yeah) Keep on survivin' (what?) Wishin' you the best Pray that you are blessed Bring much success, no stress, and lots of happiness (I'm better than that) I'm not gon' blast you on the radio (I'm better than that) I'm not gon' lie on you and your family, yo (I'm better than that) I'm not gon' hate on you in the magazines (I'm better than that) I'm not gon' compromise my Christianity (I'm better than that) You know I'm not gon' diss you on the internet 'Cause my mama taught me better than that I'm a survivor (what?) I'm not gon' give up (what?) I'm not gon' stop (what? Hey) I'm gon' work harder (what?) I'm a survivor (what? I'm a survivor) I'm gonna make it (what?) I will survive (what?) Keep on survivin' (what?) I'm a survivor (what?) I'm not gon' give up (what?) I'm not gon' stop (what?) I'm gon' work harder (what?) I'm a survivor (what? I'm a survivor) I'm gonna make it (what?) I will survive (what?) Keep on survivin' (what?) Oh, oh, oh, oh-oh, oh, oh After of all of the darkness and sadness Soon comes happiness If I surround myself with positive things I'll gain prosperity I'm a survivor (what?) I'm not gon' give up (what?) I'm not gon' stop (what?) I'm gon' work harder (what?) I'm a survivor (what?) I'm gonna make it (what?) I will survive (what?) Keep on survivin' (what?) I'm a survivor (what?) I'm not gon' give up (what? Yeah) I'm not gon' stop (what?) I'm gon' work harder (what? Nothin' could stop me now) I'm a survivor (what?) I'm gonna make it (what?) I will survive (what?) Keep on survivin' (what? Yeah) I'm a survivor (what?) I'm not gon' give up (what?) I'm not gon' stop (what?) I'm gon' work harder (what?) I'm a survivor (what?) I'm gonna make it (what?) I will survive (what?) Keep on survivin' (what?) I'm a survivor (what?) I'm not gon' give up (what?) I'm not gon' stop (what?) I'm gon' work harder (what?) I'm a survivor (what?) I'm gonna make it (what?) I will survive (what?) Keep on survivin' (what?)","muito baixo","A letra de ""Survivor"" é centrada na superação, resiliência e empoderamento após o fim de um relacionamento. O eu-lírico reforça sua força, autonomia e crescimento pessoal, rejeitando qualquer dependência emocional ou submissão. Não há frases que validem, romantizem ou naturalizem comportamentos abusivos, possessivos, controladores ou qualquer dinâmica prejudicial à saúde emocional. Pelo contrário, a música serve como exemplo de narrativa positiva pós-relacionamento tóxico, promovendo autoestima e independência."
