Album,Album URL,Artist,Featured Artists,Lyrics,Media,Rank,Release Date,Song Title,Song URL,Writers,Year
Vehicle,https://genius.com/albums/The-ides-of-march/Vehicle,Ides Of March,[],"{Intro}  [ Verse 1] Hey, well, I'm the friendly stranger in the black sedan Woncha hop inside my car I got pictures, I got candy, I'm a lovable man And I can take you to the nearest star  [Chorus ] I'm your vehicle, baby I can take you anywhere you wanna go I'm your vehicle woman By that I'm sure you know  I love ya (love ya) I need ya (need ya) I wants ya gots to have you child Great God in heaven, you know I love you (Oh you know I do)  [ Verse 2] Well, if you wants to be a movie star I canna take-a you to Hollywood But if you wanna stay just like you are You know, I think you really should  [Chorus ] I'm your vehicle, baby I can take you anywhere you wanna go I'm your vehicle woman By that I'm sure you know  I love ya (love ya) I need ya (need ya) I wants ya gots to have you child Great God in heaven, you know I love you (Oh you know I do)   {Instrumental}    [ Verse 1 reprise] Well I'm the friendly stranger in the black sedan Oh woncha hop inside my car I got pictures, candy, I'm a lovable man And I can take you to the nearest star  [Chorus ] I'm your vehicle, baby I can take you anywhere you wanna go I'm your vehicle woman By that I'm sure you know  I love ya (love ya) I need ya (need ya) I wants ya gots to have you child Great God in heaven, you know I love you (Oh you know I do)  I'm your vehicle, baby Y'know I love you (love ya) I Needs ya (need ya) I wantcha gots to have you child Great God in heaven you know I love you","[{'provider': 'youtube', 'start': 0, 'type': 'video', 'url': 'http://www.youtube.com/watch?v=bq95nZBbNHI'}]",85,1970-06-01,Vehicle,https://genius.com/The-ides-of-march-vehicle-lyrics,"[{'api_path': '/artists/190581', 'header_image_url': 'https://assets.genius.com/images/default_avatar_300.png?1582236495', 'id': 190581, 'image_url': 'https://assets.genius.com/images/default_avatar_300.png?1582236495', 'is_meme_verified': False, 'is_verified': False, 'name': 'Jim Peterik', 'url': 'https://genius.com/artists/Jim-peterik'}]",1970.0
Loud,https://genius.com/albums/Rihanna/Loud,Rihanna,[],"[Intro: Ester Dean] Na-na-na, c'mon Na-na-na-na, c'mon Na-na-na, c'mon, c'mon, c'mon Na-na-na-na, c'mon Na-na-na, c'mon Na-na-na-na, c'mon Na-na-na, c'mon, c'mon, c'mon Na-na-na-na, c'mon  [Verse 1: Rihanna] Feels so good being bad (Oh-oh-oh-oh-oh) There's no way I'm turning back (Oh-oh-oh-oh-oh) Now the pain is my pleasure, 'cause nothing could measure (Oh-oh-oh-oh-oh-oh-oh) Love is great, love is fine (Oh-oh-oh-oh-oh) Out the box, outta line (Oh-oh-oh-oh-oh) The affliction of the feeling leaves me wanting more (Oh-oh-oh-oh-oh-oh-oh)  [Chorus: Rihanna] 'Cause I may be bad, but I'm perfectly good at it Sex in the air I don't care, I love the smell of it Sticks and stones may break my bones But chains and whips excite me 'Cause I may be bad, but I'm perfectly good at it Sex in the air I don't care, I love the smell of it Sticks and stones may break my bones But chains and whips excite me  [Post-Chorus: Rihanna & Ester Dean] Na-na-na, c'mon, c'mon, c'mon I like it, like it C'mon, c'mon, c'mon I like it, like it C'mon, c'mon, c'mon I like it, like it C'mon, c'mon, c'mon I like it, like it  [Verse 2: Rihanna] Love is great, love is fine (Oh-oh-oh-oh-oh) Out the box, outta line (Oh-oh-oh-oh-oh) The affliction of the feeling leaves me wanting more (Oh-oh-oh-oh-oh-oh-oh)  [Chorus: Rihanna] 'Cause I may be bad, but I'm perfectly good at it Sex in the air I don't care, I love the smell of it Sticks and stones may break my bones But chains and whips excite me  [Post-Chorus: Rihanna & Ester Dean] Na-na-na, c'mon, c'mon, c'mon I like it, like it C'mon, c'mon, c'mon I like it, like it C'mon, c'mon, c'mon I like it, like it C'mon, c'mon, c'mon I like it, like it  [Refrain: Rihanna] S-S-S and M-M-M S-S-S and M-M-M  [Bridge: Rihanna] Oh, I love the feeling you bring to me Oh, you turn me on It's exactly what I've been yearning for Give it to me strong And meet me in my boudoir Make my body say, ""Ah-ah-ah"" I like it, like it  [Chorus: Rihanna] 'Cause I may be bad, but I'm perfectly good at it Sex in the air I don't care, I love the smell of it Sticks and stones may break my bones But chains and whips excite me 'Cause I may be bad, but I'm perfectly good at it Sex in the air I don't care, I love the smell of it Sticks and stones may break my bones But chains and whips excite me  [Post-Chorus: Rihanna & Ester Dean] Na-na-na, c'mon, c'mon, c'mon I like it, like it C'mon, c'mon, c'mon I like it, like it C'mon, c'mon, c'mon I like it, like it C'mon, c'mon, c'mon I like it, like it  [Refrain: Rihanna] S-S-S and M-M-M S-S-S and M-M-M S-S-S and M-M-M S-S-S and M-M-M","[{'native_uri': 'spotify:track:2u02eLj96Atd6TBxkH9YvN', 'provider': 'spotify', 'type': 'audio', 'url': 'https://open.spotify.com/track/2u02eLj96Atd6TBxkH9YvN'}, {'provider': 'youtube', 'start': 0, 'type': 'video', 'url': 'http://www.youtube.com/watch?v=KdS6HFQ_LUc'}]",12,2011-01-21,S&M;,https://genius.com/Rihanna-s-m-lyrics,"[{'api_path': '/artists/7672', 'header_image_url': 'https://images.genius.com/4a755fe7d9a770197bdfc27cc3035439.600x600x1.png', 'id': 7672, 'image_url': 'https://images.genius.com/89cf3176e6c1ad8ac02eec3f1a8fccad.720x720x1.jpg', 'is_meme_verified': False, 'is_verified': False, 'name': 'Ester Dean', 'url': 'https://genius.com/artists/Ester-dean'}, {'api_path': '/artists/45125', 'header_image_url': 'https://images.genius.com/9d8846683f37b149127e630e44295316.296x296x1.jpg', 'id': 45125, 'image_url': 'https://images.genius.com/9d8846683f37b149127e630e44295316.296x296x1.jpg', 'is_meme_verified': False, 'is_verified': False, 'name': 'Sandy Vee', 'url': 'https://genius.com/artists/Sandy-vee'}, {'api_path': '/artists/27578', 'header_image_url': 'https://images.genius.com/cde817afd31cef5140dade9b1387eeac.1000x750x1.jpg', 'id': 27578, 'image_url': 'https://images.genius.com/cde817afd31cef5140dade9b1387eeac.1000x750x1.jpg', 'is_meme_verified': False, 'is_verified': False, 'name': 'StarGate', 'url': 'https://genius.com/artists/Stargate'}]",2011.0
Beauty Behind the Madness,https://genius.com/albums/The-weeknd/Beauty-behind-the-madness,Weeknd,[],"[Verse 1] All alone, she was livin' In a world without an end or beginnin' Baby girl was livin' life for the feelin' But I don't mind, I don't mind, oh And all the wrongs she committed She was numb and she was so co-dependent She was young and all she had was the city But I don't mind, I don't mind  [Pre-Chorus] And I know That she's capable of anything, it's riveting But when You wake up she's always gone, gone, gone, oh  [Chorus] In the night she hears him calling In the night she's dancin' to relieve the pain She'll never walk away I don't think you understand In the night when she comes crawlin' Dollar bills and tears keep fallin' down her face She'll never walk away I don't think you understand  [Verse 2] He sang a song when he did it He was cold and he was so unforgiving Now she dances to the song on the minute Yeah, all the time, all the time, oh It make her weak when she hear it And it got her on her knees like religion She was young and she was forced to be a woman Yeah, all the time, all the time  [Pre-Chorus] And I know That she's capable of anything, it's riveting But when You wake up she's always gone, gone, gone, oh  [Chorus] In the night she hears him calling In the night she's dancin' to relieve the pain She'll never walk away I don't think you understand In the night when she comes crawlin' Dollar bills and tears keep fallin' down her face She'll never walk away I don't think you understand  [Bridge] Oh baby I don't think you understand I don't think you understand I don't think you understand Oh no, no I don't think you understand  [Chorus] In the night she hears him calling In the night she's dancin' to relieve the pain She'll never walk away I don't think you understand In the night when she comes crawlin' Dollar bills and tears keep fallin' down her face She'll never walk away I don't think you understand","[{'provider': 'youtube', 'start': 51, 'type': 'video', 'url': 'http://www.youtube.com/watch?v=2iFa5We6zqw'}, {'native_uri': 'spotify:track:7fPHfBCyKE3aVCBjE4DAvl', 'provider': 'spotify', 'type': 'audio', 'url': 'https://open.spotify.com/track/7fPHfBCyKE3aVCBjE4DAvl'}]",61,2015-08-28,In The Night,https://genius.com/The-weeknd-in-the-night-lyrics,"[{'api_path': '/artists/2358', 'header_image_url': 'https://images.genius.com/9ad71da04a3c0a078aa1745a1e8bf25c.500x167x1.png', 'id': 2358, 'image_url': 'https://images.genius.com/6dddd0ef3b7f04df34e6bf95ca70975e.683x683x1.jpg', 'is_meme_verified': True, 'is_verified': True, 'name': 'The Weeknd', 'url': 'https://genius.com/artists/The-weeknd', 'iq': 481}, {'api_path': '/artists/1362', 'header_image_url': 'https://images.genius.com/52f9b42efc581d1a94cf877722fb0f95.1000x321x1.png', 'id': 1362, 'image_url': 'https://s3.amazonaws.com/filepicker-images-rapgenius/HorpSGA7Qqar8HM5ScIx_Belly1.jpg', 'is_meme_verified': False, 'is_verified': True, 'name': 'Belly', 'url': 'https://genius.com/artists/Belly', 'iq': 1990}, {'api_path': '/artists/151087', 'header_image_url': 'https://s3.amazonaws.com/filepicker-images-rapgenius/4FSa7HrUT7a3QUgQaMf3_A-281132-1240777661.jpeg.jpg', 'id': 151087, 'image_url': 'https://s3.amazonaws.com/filepicker-images-rapgenius/VDqQ9CscRImWeqfKQU3A_2206.jpg', 'is_meme_verified': False, 'is_verified': False, 'name': 'Ali Payami', 'url': 'https://genius.com/artists/Ali-payami'}, {'api_path': '/artists/346342', 'header_image_url': 'https://images.genius.com/c1d08d90d64802fae48aa681070a1e76.594x397x1.jpg', 'id': 346342, 'image_url': 'https://images.genius.com/5d2a8e5c53377bb4bb5e9547399fd704.396x396x1.jpg', 'is_meme_verified': False, 'is_verified': False, 'name': 'Peter Svensson', 'url': 'https://genius.com/artists/Peter-svensson'}, {'api_path': '/artists/179206', 'header_image_url': 'https://images.genius.com/4bc4f41a26a9ddccb4016b909f0c2ca0.438x344x1.jpg', 'id': 179206, 'image_url': 'https://images.genius.com/4bc4f41a26a9ddccb4016b909f0c2ca0.438x344x1.jpg', 'is_meme_verified': False, 'is_verified': False, 'name': 'Savan Kotecha', 'url': 'https://genius.com/artists/Savan-kotecha'}, {'api_path': '/artists/27835', 'header_image_url': 'https://images.genius.com/1a44589766aa9b30ba951b89a7f47704.1000x661x1.jpg', 'id': 27835, 'image_url': 'https://images.genius.com/b8bd39c64a70399b7ad33b97ae8e1729.905x905x1.jpg', 'is_meme_verified': False, 'is_verified': False, 'name': 'Max Martin', 'url': 'https://genius.com/artists/Max-martin'}]",2016.0
Layla and Other Assorted Love Songs,https://genius.com/albums/Derek-and-the-dominos/Layla-and-other-assorted-love-songs,Derek and The Dominos,[],"[Opening Instrumental Riff]  [Verse 1] What'll you do when you get lonely And nobody's waiting by your side You've been running and hiding much too long You know it's just your foolish pride  [Chorus] Layla, you've got me on my knees Layla, I'm begging, darling please Layla, darling won't you ease my worried mind  [Verse 2] I tried to give you consolation When your old man had let you down Like a fool, I fell in love with you Turned my whole world upside down  [Chorus] Layla, you've got me on my knees Layla, I'm begging, darling please Layla, darling won't you ease my worried mind  [Verse 3] Let's make the best of the situation Before I finally go insane Please don't say we'll never find a way And tell me all my love's in vain  [Chorus 2X] Layla, you've got me on my knees Layla, I'm begging, darling please Layla, darling won't you ease my worried mind  [Instrumental Outro]","[{'native_uri': 'spotify:track:2kkvB3RNRzwjFdGhaUA0tz', 'provider': 'spotify', 'type': 'audio', 'url': 'https://open.spotify.com/track/2kkvB3RNRzwjFdGhaUA0tz'}, {'provider': 'youtube', 'start': 0, 'type': 'video', 'url': 'http://www.youtube.com/watch?v=TngViNw2pOo'}]",60,1970-11-09,Layla,https://genius.com/Derek-and-the-dominos-layla-lyrics,"[{'api_path': '/artists/331437', 'header_image_url': 'https://images.genius.com/35727c80ecae7bfaad82522ebd53f8c3.600x600x1.jpg', 'id': 331437, 'image_url': 'https://images.genius.com/35727c80ecae7bfaad82522ebd53f8c3.600x600x1.jpg', 'is_meme_verified': False, 'is_verified': False, 'name': 'Jim Gordon', 'url': 'https://genius.com/artists/Jim-gordon'}, {'api_path': '/artists/19272', 'header_image_url': 'https://images.genius.com/9434009b4db9428368b67c913202bc8f.928x523x1.jpg', 'id': 19272, 'image_url': 'https://images.genius.com/92c857da231629de31b2384bb9747484.800x800x1.jpg', 'is_meme_verified': False, 'is_verified': False, 'name': 'Eric Clapton', 'url': 'https://genius.com/artists/Eric-clapton'}]",1972.0
Freedom,https://genius.com/albums/Akon/Freedom,Akon feat. Colby O'Donis and Kardinal Offishall,"[{'api_path': '/artists/936', 'header_image_url': 'https://images.genius.com/a92bc569c23c1d69e00fb5c3f64eb92e.550x365x1.jpg', 'id': 936, 'image_url': 'https://images.genius.com/bff1176ed6deb6d256cc9e04734b0136.365x365x1.jpg', 'is_meme_verified': False, 'is_verified': False, 'name': 'Kardinal Offishall', 'url': 'https://genius.com/artists/Kardinal-offishall'}, {'api_path': '/artists/3023', 'header_image_url': 'https://s3.amazonaws.com/rapgenius/colby-o-donis-wango-tango-2012-03.jpg', 'id': 3023, 'image_url': 'https://s3.amazonaws.com/rapgenius/colby-o-donis-wango-tango-2012-03.jpg', 'is_meme_verified': False, 'is_verified': False, 'name': 'Colby O’Donis', 'url': 'https://genius.com/artists/Colby-odonis'}]","[Verse 1: Akon] When I see you I run out of words, to say (ahh) I wouldn't leave you Cause you're that type of girl to make me stay (ahh) I see the guys tryin' to holla Girl, I don't wanna bother you Cause you're independent, and you got my attention Can I be yo' baby father? Girl, I just wanna show you That I love what you are doin' now  [Hook: Akon] I see you in the club, you gettin down, girl I wanna get with you, yeah I see you in the club, you showin thugs love I wanna get with you You're so beautiful, so damn beautiful Said you're so beautiful, so damn beautiful You're so beautiful, beautiful, beautiful, beautiful You're so beautiful, beautiful, beautiful, beautiful You're so beautiful  [Verse 2: Colby O'Donis] Like the clouds you drift me away Far away, yeah And like the sun you, brighten my day You brighten my day, yeah I never wanna see you cry, cry, cry And I never wanna tell a lie, lie, lie Said I never wanna see you cry, cry, cry And I never wanna tell a lie, lie, lie  [Hook: Akon] I see you in the club, you gettin down, girl I wanna get with you, yeah I see you in the club, you showin thugs love I wanna get with you You're so beautiful, so damn beautiful Said you're so beautiful, so damn beautiful You're so beautiful, beautiful, beautiful, beautiful You're so beautiful, beautiful, beautiful, beautiful You're so beautiful  [Verse 3: Kardinal Offishall] Kardinal told you (you) what is it, sky blue or yellow This fellow ain't that mellow if it ain't about you (you) Hourglass shape make the place go ""oooh"" Waistline makes my soldier salute I'm a brute (brute) high from ya high heel game High heels push up ya ass last name And you livin in the fast lane, eyes like an angel Goddess, watch my girl and how she hot dress Spotless, hotness bad to the bone Make me wanna bone, put me in a triple-X zone (zone) Lames don't know how to talk to you So let me walk, with you, hold my hand I'mma spend them grands but after you undress Not like a hooker, but more like a princess Queen, empress, president pull Any way ya goin' off cause you're beautiful, okay?  [Hook: Akon] I see you in the club, you gettin down, girl I wanna get with you, yeah I see you in the club, you showin thugs love I wanna get with you You're so beautiful, so damn beautiful Said you're so beautiful, so damn beautiful You're so beautiful, beautiful, beautiful, beautiful You're so beautiful, beautiful, beautiful, beautiful You're so beautiful","[{'provider': 'youtube', 'start': 0, 'type': 'video', 'url': 'http://www.youtube.com/watch?v=rSOzN0eihsE'}, {'native_uri': 'spotify:track:7rv0UuxMX7CpUUwEE1jVrd', 'provider': 'spotify', 'type': 'audio', 'url': 'https://open.spotify.com/track/7rv0UuxMX7CpUUwEE1jVrd'}]",54,2009-01-06,Beautiful,https://genius.com/Akon-beautiful-lyrics,"[{'api_path': '/artists/3023', 'header_image_url': 'https://s3.amazonaws.com/rapgenius/colby-o-donis-wango-tango-2012-03.jpg', 'id': 3023, 'image_url': 'https://s3.amazonaws.com/rapgenius/colby-o-donis-wango-tango-2012-03.jpg', 'is_meme_verified': False, 'is_verified': False, 'name': 'Colby O’Donis', 'url': 'https://genius.com/artists/Colby-odonis'}, {'api_path': '/artists/157', 'header_image_url': 'https://images.genius.com/609275205915adfdb2d9fbe81480c0be.475x376x1.jpg', 'id': 157, 'image_url': 'https://images.genius.com/b714c76ff85aee144b80660942cf2e22.1000x1000x1.jpg', 'is_meme_verified': False, 'is_verified': False, 'name': 'Akon', 'url': 'https://genius.com/artists/Akon'}, {'api_path': '/artists/936', 'header_image_url': 'https://images.genius.com/a92bc569c23c1d69e00fb5c3f64eb92e.550x365x1.jpg', 'id': 936, 'image_url': 'https://images.genius.com/bff1176ed6deb6d256cc9e04734b0136.365x365x1.jpg', 'is_meme_verified': False, 'is_verified': False, 'name': 'Kardinal Offishall', 'url': 'https://genius.com/artists/Kardinal-offishall'}]",2009.0
Keeps Gettin’ Better: A Decade of Hits,https://genius.com/albums/Christina-aguilera/Keeps-gettin-better-a-decade-of-hits,Christina Aguilera,[],"[Intro] Come on over, come on over baby Come on over, come on over baby (here we go) Come on over, come on over baby (that's right) (Yeah, yeah, yeah, yeah) Come on over, come on over baby  [Verse 1] Hey, boy, don't you know I've got something going on (ah, yeah, come on, come on) I've got an invitation, don't you keep me waiting all night long I know, you know So baby, don't Pretend you won't, keep me guessing if you You will or you won't Don't wanna play that game with you baby Listen to me...  [Chorus] All I want is you (come over here baby) All I want is you (you know you make me go crazy) All I want is you Now baby don't be shy, you better cross the line I'm gonna love you right Cause all I want is you  [Post-Chorus] Come on over (that's right), come on over baby Come on over, come on over baby  [Verse 2] I'm not just talking about your sexuality (your sexuality) But I can't help myself, when you put your hands on me (When you put your hands on me) Oooh, oh It's paradise (it's paradise), when you and I Get close, get tight One on one I wanna, go all, all night I wanna play that game with you baby Listen to me...  [Chorus] All I want is you (come over here baby) All I want is you (you know you make me go crazy, so crazy) All I want is you Now baby don't be shy, you better cross the line I'm gonna love you right Cause all I want is you  [Post-Chorus] Come on over, come on over baby Come on over, come on over  [Breakdown] Don't you wanna be the one tonight We could do exactly what you like Don't you wanna be just you and me? We could do what comes so naturally I got a thing for you Got my mind made up (yeah) And I'm serious, never been more, baby I'm sure that it's real (so sure) And it's right here, uh, come on  [B-Section] Come on, come on, come on, over Come on, come on, come on, over Come on, come on, come on, over Come on, come on, come on, over Come on, come on, come on, over Come on, come on, come on, over  [Bridge] You give me... What a girl feels, what a girl likes What a girl needs, what a girl wants All I, all I want is you Ooh baby  [Chorus] All I want is you (oh, you make me go crazy, oh, oh, woo) All I want is you Now baby don't be shy, you better cross the line I'm gonna love you right 'Cause all I want is you All I want is you  [Outro] Ohh, ohh, yeah All I want is you, you make me go crazy, you All I want is you Now baby don't be shy, you better cross the line I'm gonna love you right 'Cause all I want is you","[{'provider': 'youtube', 'start': 0, 'type': 'video', 'url': 'http://www.youtube.com/watch?v=0RQDIJ2CvbA'}]",38,2000-09-26,Come On Over Baby (All I Want Is You),https://genius.com/Christina-aguilera-come-on-over-baby-all-i-want-is-you-radio-version-lyrics,"[{'api_path': '/artists/687313', 'header_image_url': 'https://assets.genius.com/images/default_avatar_300.png?1582236495', 'id': 687313, 'image_url': 'https://assets.genius.com/images/default_avatar_300.png?1582236495', 'is_meme_verified': False, 'is_verified': False, 'name': 'Ray Cham', 'url': 'https://genius.com/artists/Ray-cham'}, {'api_path': '/artists/334205', 'header_image_url': 'https://images.genius.com/85dfbf25542d2abae99a930cd77b3e8a.426x426x1.png', 'id': 334205, 'image_url': 'https://images.genius.com/85dfbf25542d2abae99a930cd77b3e8a.426x426x1.png', 'is_meme_verified': False, 'is_verified': False, 'name': 'Guy Roche', 'url': 'https://genius.com/artists/Guy-roche'}, {'api_path': '/artists/467148', 'header_image_url': 'https://images.genius.com/7cf8a25979e6ddc39b6bd4b7e84e45d3.268x268x1.png', 'id': 467148, 'image_url': 'https://images.genius.com/7cf8a25979e6ddc39b6bd4b7e84e45d3.268x268x1.png', 'is_meme_verified': False, 'is_verified': False, 'name': 'Shelly Peiken', 'url': 'https://genius.com/artists/Shelly-peiken'}, {'api_path': '/artists/65917', 'header_image_url': 'https://images.genius.com/3b3e6a9606a37cbdcb068183225ab16e.452x452x1.jpg', 'id': 65917, 'image_url': 'https://images.genius.com/3b3e6a9606a37cbdcb068183225ab16e.452x452x1.jpg', 'is_meme_verified': False, 'is_verified': False, 'name': 'Eric Dawkins', 'url': 'https://genius.com/artists/Eric-dawkins'}, {'api_path': '/artists/1053535', 'header_image_url': 'https://s3.amazonaws.com/filepicker-images-rapgenius/i89crnkw1n', 'id': 1053535, 'image_url': 'https://s3.amazonaws.com/filepicker-images-rapgenius/i89crnkw1n', 'is_meme_verified': False, 'is_verified': False, 'name': 'Chaka Blackmon', 'url': 'https://genius.com/artists/Chaka-blackmon'}, {'api_path': '/artists/52385', 'header_image_url': 'https://images.genius.com/b3ec913ed4a6e6abe472fc1239efa073.350x200x1.jpg', 'id': 52385, 'image_url': 'https://images.genius.com/0ed98eeb3f32b5d53597dbfd223839c9.400x400x1.jpg', 'is_meme_verified': False, 'is_verified': False, 'name': 'Ron Fair', 'url': 'https://genius.com/artists/Ron-fair'}, {'api_path': '/artists/1211', 'header_image_url': 'https://images.genius.com/ff87ab372787493c01d52eb5f65e7c7f.900x595x1.jpg', 'id': 1211, 'image_url': 'https://images.genius.com/fd4d599dcdd25ac014a3951fd8061ec2.570x570x1.jpg', 'is_meme_verified': True, 'is_verified': True, 'name': 'Christina Aguilera', 'url': 'https://genius.com/artists/Christina-aguilera', 'iq': 460}, {'api_path': '/artists/1039451', 'header_image_url': 'https://images.genius.com/5d35deffc95bc18d2dcd3fb2e32c6bb6.246x246x1.png', 'id': 1039451, 'image_url': 'https://images.genius.com/5d35deffc95bc18d2dcd3fb2e32c6bb6.246x246x1.png', 'is_meme_verified': False, 'is_verified': False, 'name': 'Paul Rein', 'url': 'https://genius.com/artists/Paul-rein'}, {'api_path': '/artists/634803', 'header_image_url': 'https://images.genius.com/0b55f70e885b6c32012f1905af96ee4f.392x392x1.png', 'id': 634803, 'image_url': 'https://images.genius.com/0b55f70e885b6c32012f1905af96ee4f.392x392x1.png', 'is_meme_verified': False, 'is_verified': False, 'name': 'Johan Åberg', 'url': 'https://genius.com/artists/Johan-aberg'}]",2000.0
Natural Selection,https://genius.com/albums/Natural-selection/Natural-selection,Natural Selection,"[{'api_path': '/artists/332098', 'header_image_url': 'https://images.genius.com/bce880ab16874c636783f3c0b78dee40.922x922x1.jpg', 'id': 332098, 'image_url': 'https://images.genius.com/bce880ab16874c636783f3c0b78dee40.922x922x1.jpg', 'is_meme_verified': False, 'is_verified': False, 'name': 'Niki Haris', 'url': 'https://genius.com/artists/Niki-haris'}]",Oh yeah Whatcha gonna do for me Whatcha gonna do for my love Just can't Just can't get Just can't get enough Talk to me Hey I really love you Love you so so much Put my lady next to you To always feel your touch Every lttle thing you do Seems to turn me on Even when youre talking nasty to me Over the telephone Honey Ill stay up late for you And wait for your call Buzz me up at 5 AM And I dont mind at all Cuz Ill do anything for your loving Yes will Ill do anything But with a serious step are you qualified? Just can't Just can't get Just can't get enough Talk to me First thing in the morning Ill be at your door O tough All day long and All night strong Just can't get enough Honey if you let me start you up We can begin I play your game Everytime Baby won't you let me win Cuz Ill do anything for your loving Do anything for your loving or would you send me off like a third class lover Do anything for your loving til the break of dawn Do anything for your loving baby on Just can't Just can't get Just can't get enough Talk to me You got to know The way I feel Is for real Its everlasting Me what you need And Ill take heed And lead you in the right direction for affection See what Im saying I ain't playin Stop delayin girl And make me yor natural selection Ha ha ha ha Youre crazy I dont know about you But I think I like you Do anything for your lovin Could you find the time to make me yours? Take me out and rock the floors? GIve me every little bit of your loves what I said Make it smooth to the groove Like sandwich bread Well its you for me And me for you Theres not one thing I wouldn't do Hey Ill do most anything You and me were meant to swing Swing Do do dodo Just can't Just can't get Guess what Just can't get enough I want to be your baby Just can't Just can't get Just can't get enough,"[{'provider': 'youtube', 'start': 0, 'type': 'video', 'url': 'http://www.youtube.com/watch?v=LNl3fegO4Os'}]",32,,Do Anything,https://genius.com/Natural-selection-do-anything-lyrics,"[{'api_path': '/artists/348548', 'header_image_url': 'https://assets.genius.com/images/default_avatar_300.png?1582236495', 'id': 348548, 'image_url': 'https://assets.genius.com/images/default_avatar_300.png?1582236495', 'is_meme_verified': False, 'is_verified': False, 'name': 'Ingrid Chavez', 'url': 'https://genius.com/artists/Ingrid-chavez'}, {'api_path': '/artists/991576', 'header_image_url': 'https://assets.genius.com/images/default_avatar_300.png?1582236495', 'id': 991576, 'image_url': 'https://assets.genius.com/images/default_avatar_300.png?1582236495', 'is_meme_verified': False, 'is_verified': False, 'name': 'Frederick Thomas', 'url': 'https://genius.com/artists/Frederick-thomas'}, {'api_path': '/artists/991575', 'header_image_url': 'https://assets.genius.com/images/default_avatar_300.png?1582236495', 'id': 991575, 'image_url': 'https://assets.genius.com/images/default_avatar_300.png?1582236495', 'is_meme_verified': False, 'is_verified': False, 'name': 'Elliot Erickson', 'url': 'https://genius.com/artists/Elliot-erickson'}]",1991.0
Some Nights,https://genius.com/albums/Fun/Some-nights,fun.,[],"[Verse 1] Well I woke up to the sound of silence The cars were cutting like knives in a fist fight And I found you with a bottle of wine Your head in the curtains And heart like the fourth of July You swore and said We are not We are not shining stars This I know I never said we are Though I've never been through hell like that I've closed enough windows To know you can never look back  [Chorus] If you're lost and alone Or you're sinking like a stone Carry on May your past be the sound Of your feet upon the ground Carry on Carry on, carry on  [Verse 2] So I met up with some friends At the edge of the night At a bar off 75 And we talked and talked About how our parents will die All our neighbors and wives But I'd like to think I can cheat it all To make up for the times I've been cheated on And it's nice to know When I was left for dead I was found and now I don't roam these streets I am not the ghost you want of me  [Chorus] If you're lost and alone Or you're sinking like a stone Carry on May your past be the sound Of your feet upon the ground and Carry on  [Bridge] Woah My head is on fire But my legs are fine After all they are mine Lay your clothes down on the floor Close the door Hold the phone Show me how No one's ever gonna stop us now  [Guitar solo]  [Bridge 2] Cause we are We are shining stars We are invincible We are who we are On our darkest day When we're miles away So we'll come We will find our way home  [Chorus] If you're lost and alone Or you're sinking like a stone Carry on May your past be the sound Of your feet upon the ground and Carry on  [Outro] No one's ever gonna stop us now","[{'native_uri': 'spotify:track:7gpy7sfWPNuOKmUNs3XQYE', 'provider': 'spotify', 'type': 'audio', 'url': 'https://open.spotify.com/track/7gpy7sfWPNuOKmUNs3XQYE'}, {'attribution': 'fueled_by_ramen', 'provider': 'soundcloud', 'type': 'audio', 'url': 'https://soundcloud.com/fueled_by_ramen/fun-carry-on'}, {'provider': 'youtube', 'start': 0, 'type': 'video', 'url': 'http://www.youtube.com/watch?v=q7yCLn-O-Y0'}]",76,2012-10-23,Carry On,https://genius.com/Fun-carry-on-lyrics,"[{'api_path': '/artists/27434', 'header_image_url': 'https://images.genius.com/c8a8394c36c41ac9fe3e7edb431eef96.553x369x1.jpg', 'id': 27434, 'image_url': 'https://images.genius.com/1c5df467876ffc603f67612eec12a31c.358x358x1.jpg', 'is_meme_verified': False, 'is_verified': False, 'name': 'Jeff Bhasker', 'url': 'https://genius.com/artists/Jeff-bhasker'}, {'api_path': '/artists/623597', 'header_image_url': 'https://images.genius.com/8b6a27510e49348662ea568460660d07.216x250x1.jpg', 'id': 623597, 'image_url': 'https://images.genius.com/8b6a27510e49348662ea568460660d07.216x250x1.jpg', 'is_meme_verified': False, 'is_verified': False, 'name': 'Andrew Dost', 'url': 'https://genius.com/artists/Andrew-dost'}, {'api_path': '/artists/30424', 'header_image_url': 'https://images.genius.com/712ac623fa7e03e245ac154adc263f4f.640x425x1.jpg', 'id': 30424, 'image_url': 'https://images.genius.com/712ac623fa7e03e245ac154adc263f4f.640x425x1.jpg', 'is_meme_verified': False, 'is_verified': True, 'name': 'Nate Ruess', 'url': 'https://genius.com/artists/Nate-ruess', 'iq': 281}, {'api_path': '/artists/264329', 'header_image_url': 'https://images.genius.com/f58ad1376f44857968d5b2d76451e511.378x594x1.jpg', 'id': 264329, 'image_url': 'https://images.genius.com/f58ad1376f44857968d5b2d76451e511.378x594x1.jpg', 'is_meme_verified': True, 'is_verified': True, 'name': 'Jack Antonoff', 'url': 'https://genius.com/artists/Jack-antonoff', 'iq': 220}]",2013.0
Under Construction,https://genius.com/albums/Missy-elliott/Under-construction,"Missy ""Misdemeanor"" Elliott",[],"[Intro] DJ, please pick up your phone, I'm on the request line This is a Missy Elliott one-time exclusive, come on  [Chorus] Is it worth it? Let me work it I put my thing down, flip it and reverse it Ti esrever dna ti pilf, nwod gniht ym tup Ti esrever dna ti pilf, nwod gniht ym tup If you got a big *elephant trumpet*, let me search ya And find out how hard I gotta work ya Ti esrever dna ti pilf, nwod gniht ym tup Ti esrever dna ti pilf, nwod gniht ym tup C'mon  [Verse 1] I'd like to get to know ya so I could show ya Put the pussy on ya like I told ya Give me all your numbers so I can phone ya Your girl acting stank, then call me over Not on the bed, lay me on your sofa Call before you come, I need to shave my chocha You do or you don't or you will or won't ya? Go downtown and eat it like a vulture See my hips and my tips, don't ya? See my ass and my lips, don't ya? Lost a few pounds and my waist for ya This the kinda beat that go ra-ta-ta Ra-ta-ta-ta-ta-ta-ta-ta-ta-ta Sex me so good I say blah-blah-blah Work it, I need a glass of water Boy, oh boy, it's good to know ya C'mon  [Chorus] Is it worth it? Let me work it I put my thing down, flip it and reverse it Ti esrever dna ti pilf, nwod gniht ym tup Ti esrever dna ti pilf, nwod gniht ym tup If you got a big *elephant trumpet*, let me search ya And find out how hard I gotta work ya Ti esrever dna ti pilf, nwod gniht ym tup Ti esrever dna ti pilf, nwod gniht ym tup C'mon  [Verse 2] If you a fly gal, get your nails done Get a pedicure, get your hair did Boy, lift it up, let's make a toast-a Let's get drunk, that's gonna bring us closer Don't I look like a Halle Berry poster? See the Belvedere playing tricks on ya Girlfriend wanna be like me, never You won't find a bitch that's even better I make you hot as Las Vegas weather Listen up close while I take it backwards ​sdrawkcab ti ekat ot ekil yssiM yaw eht hctaW I'm not a prostitute, but I could give you what you want I love your braids and your mouth full of fronts Love the way my ass go bum-bum-bum-bum Keep your eyes on my bum-bum-bum-bum-bum You think you can handle this badonka-donk-donk Take my thong off and my ass go boom Cut the lights on so you see what I could do C'mon  [Chorus] Is it worth it? Let me work it I put my thing down, flip it and reverse it Ti esrever dna ti pilf, nwod gniht ym tup Ti esrever dna ti pilf, nwod gniht ym tup If you got a big *elephant trumpet*, let me search ya And find out how hard I gotta work ya Ti esrever dna ti pilf, nwod gniht ym tup Ti esrever dna ti pilf, nwod gniht ym tup C'mon  [Verse 3] Boys, boys, all type of boys Black, White, Puerto Rican, Chinese boys (C'mon) Why-thai, thai-o-toy-o-thai-thai Rock-thai, thai-o-toy-o-thai-thai (C'mon) Girls, girls, get that cash If it's 9 to 5 or shaking your ass (Aha) Ain't no shame, ladies do your thing (C'mon) Just make sure you ahead of the game Just 'cause I got a lot of fame super Prince couldn't get me change my name, papa Kunta Kinte a slave again, no sir Picture blacks saying, “Oh yes'a, massa” Picture Lil' Kim dating a pastor Minute Man and Big Red could outlast ya Who is the best? I don't have to ask ya When I come out, you won't even matter Why you act dumb like, uh, duh? So you act dumb like, uh, duh As the drummer boy go ba-rom-pop-pom-pom Give you some-some-some of this Cinnabun C'mon  [Chorus] Is it worth it? Let me work it I put my thing down, flip it and reverse it Ti esrever dna ti pilf, nwod gniht ym tup Ti esrever dna ti pilf, nwod gniht ym tup If you got a big *elephant trumpet*, let me search ya And find out how hard I gotta work ya Ti esrever dna ti pilf, nwod gniht ym tup Ti esrever dna ti pilf, nwod gniht ym tup C'mon  [Outro] To my fellas (Ooh good god!) I like the way you work that (Uh huh, la-la-la-la) To my ladies (Whoo! Good god!) You sure know how to work that  Yeah, it's Missy Elliott! I hope y'all enjoying what y'all heard so far I was sittin' here thinkin' like Big Daddy Kane and Public Enemy Salt n Pepa, Lyte, EPMD, LL, Run-DMC KRS-One, Rakim Most of them artists used to dance And still get respected in the street Don't be scared to Bankhead or Bogo Or move as far as sold Michael Jackson 43 million Shoot, errbody have the zipper jacket And half of these thugs have the glove to match, ya feel me? Yo, it's ok though, if you wanna be hard and ice grill And Harlem Shake at the same time, whatever Let's just have fun, it's hip-hop man, this is hip-hop!","[{'provider': 'youtube', 'start': 0, 'type': 'video', 'url': 'http://www.youtube.com/watch?v=cjIvu7e6Wq8'}, {'native_uri': 'spotify:track:3jagJCUbdqhDSPuxP8cAqF', 'provider': 'spotify', 'type': 'audio', 'url': 'https://open.spotify.com/track/3jagJCUbdqhDSPuxP8cAqF'}]",54,2002-09-01,Work It,https://genius.com/Missy-elliott-work-it-lyrics,"[{'api_path': '/artists/1529', 'header_image_url': 'https://images.genius.com/d91c82fa4ae2f1016fadc1c24fbbc59e.1000x333x1.jpg', 'id': 1529, 'image_url': 'https://images.genius.com/085828b7d79bf8cf068b1557ca7a5e4c.1000x1000x1.jpg', 'is_meme_verified': False, 'is_verified': False, 'name': 'Missy Elliott', 'url': 'https://genius.com/artists/Missy-elliott'}, {'api_path': '/artists/112', 'header_image_url': 'https://images.genius.com/e50135b935c14cecfee2a6ef1b84d9af.960x532x1.png', 'id': 112, 'image_url': 'https://images.genius.com/4510e34916379b2473ddd8392cb4d5db.563x563x1.png', 'is_meme_verified': False, 'is_verified': False, 'name': 'Timbaland', 'url': 'https://genius.com/artists/Timbaland'}]",2002.0
Lost and Found,https://genius.com/albums/Will-smith/Lost-and-found,Will Smith,[],"[Intro] Yo mic check, mic check, yeah here you go Nah, he over here Yeah, I heard he got that hot new thing It's called ""Switch"" (switch) Let's get it going  [Hook] (Heeeeeeeeeeeeey) Turn it over and hit it Turn around now switch Turn it over and hit it  [Verse 1] (Heeeeeeeeeeeeey) Vibe to vibe a second, it's a club girl why you arrived naked Hear that, how the veteran glide the record But don't download, go out and buy the record (Heeeeeeeeeeeeey) Something sexy bout a Girl on the floor, all her friends around her I mean real clean, ain't gotta touch or nothing It ain't like I like a chick on chick or something I'm just a sucker for a hot track Gimme a drink and a chick to tell 'Stop that' Dance is a hop and a clap, flip it round Now bring it on back, break it down Now Switch!  [Hook] (Heeeeeeeeeeeeey) Turn it over and hit it Turn around now switch (Heeeeeeeeeeeeey) Turn it over and hit it Ohh la la la (Heeeeeeeeeeeeey) Switch Turn it over and hit it Turn around now switch Turn it over and hit it Ohh la la la  [Verse 2] I gotta question, I need to ask somebody Why is it that when y'all see me at the party Y'all be looking like 'Ooo he's a movie star He ain't supposed to be out on the floor with everybody' But oh wait, whoa y'all forgetting When I was, amateur spitting before the scripts were written First one in, last one out the club Bursting in, passing out in the club Back at it, this cat is the wit and the charm Taking you higher like a syringe hittin ya arm Bringing the fire, making you Benz ring the alarm Let me see you clap, spin baby come on Switch!  [Hook] (Heeeeeeeeeeeeey) Turn it over and hit it Turn around now switch (Heeeeeeeeeeeeey) Turn it over and hit it Ohh la la la Switch (Heeeeeeeeeeeeey) Turn it over and hit it Turn around now switch Turn it over and hit it Ohh la la la  (Heeeeeeeeeeeeey, heeeeeeeeeeeeey)  [Verse 3] Oh you just gonna stand there huh? What you too cute to dance? Or you scared? It ain't really that hard to do and I ain't trying to be in love with you and All I wanted was a moment or two to See if you could do that Switch-a-roo and Shut your mouth fool, get your crew and The thick body and the rear one too and I'll be right hear waiting on you to See if y'all can do that Switch-a-roo  (Heeeeeeeeeeeeey, heeeeeeeeeeeeey)  That's what I'm talking bout, do that thing mama That's what I'm talking bout, do that thing mama That's what I'm talking bout, do that thing mama That's what I'm talking bout, Switch  [Hook] (Heeeeeeeeeeeeey) Turn it over and hit it Turn around now switch (Heeeeeeeeeeeeey) Turn it over and hit it Ohh la la la Switch (Heeeeeeeeeeeeey) Turn it over and hit it Turn around now switch Turn it over and hit it Ohh la la la Switch (Heeeeeeeeeeeeey) Turn it over and hit it Turn around now switch (Heeeeeeeeeeeeey) Turn it over and hit it Ohh la la la Switch (Heeeeeeeeeeeeey) Turn it over and hit it Turn around now switch Turn it over and hit it Ohh la la la Switch","[{'provider': 'youtube', 'start': 0, 'type': 'video', 'url': 'http://www.youtube.com/watch?v=uzUozo1628U'}]",28,2005-02-15,Switch,https://genius.com/Will-smith-switch-lyrics,"[{'api_path': '/artists/1704111', 'header_image_url': 'https://assets.genius.com/images/default_avatar_300.png?1582236495', 'id': 1704111, 'image_url': 'https://assets.genius.com/images/default_avatar_300.png?1582236495', 'is_meme_verified': False, 'is_verified': False, 'name': 'Lennie Bennett', 'url': 'https://genius.com/artists/Lennie-bennett'}, {'api_path': '/artists/7314', 'header_image_url': 'https://images.genius.com/12a1d928863478d648906a16b81fecc3.611x611x1.jpg', 'id': 7314, 'image_url': 'https://images.genius.com/12a1d928863478d648906a16b81fecc3.611x611x1.jpg', 'is_meme_verified': False, 'is_verified': False, 'name': 'Kwame', 'url': 'https://genius.com/artists/Kwame'}, {'api_path': '/artists/1148', 'header_image_url': 'https://images.genius.com/104f05581d1bdf96d3f726a5badd58b0.814x372x1.png', 'id': 1148, 'image_url': 'https://images.genius.com/8624e4a6fdfb9b83008647b72d71bbee.371x371x1.jpg', 'is_meme_verified': False, 'is_verified': False, 'name': 'Will Smith', 'url': 'https://genius.com/artists/Will-smith'}]",2005.0
Delirium,https://genius.com/albums/Ellie-goulding/Delirium,Ellie Goulding,[],"[Produced by Max Martin]  [Verse 1] You're the light, you're the night You're the colour of my blood You're the cure, you're the pain You're the only thing I wanna touch Never knew that it could mean so much, so much  [Verse 2] You're the fear, I don't care Cause I've never been so high Follow me through the dark Let me take you past the satellites You can see the world you brought to life, to life  [Chorus] So love me like you do, la-la-love me like you do Love me like you do, la-la-love me like you do Touch me like you do, ta-ta-touch me like you do What are you waiting for?  [Verse 3] Fading in, fading out On the edge of paradise Every inch of your skin is a Holy Grail I've got to find Only you can set my heart on fire, on fire Yeah  [Bridge] I'll let you set the pace Cause I'm not thinking straight My head's spinning around, I can't see clear no more What are you waiting for?  [Chorus] Love me like you do, la-la-love me like you do Love me like you do, la-la-love me like you do Touch me like you do, ta-ta-touch me like you do What are you waiting for? Love me like you do, la-la-love me like you do Love me like you do, la-la-love me like you do Touch me like you do, ta-ta-touch me like you do What are you waiting for?  [Bridge] I'll let you set the pace Cause I'm not thinking straight My head's spinning around, I can't see clear no more What are you waiting for?  [Chorus] Love me like you do, la-la-love me like you do Love me like you do, la-la-love me like you do Touch me like you do, ta-ta-touch me like you do What are you waiting for? Love me like you do, la-la-love me like you do Love me like you do, la-la-love me like you do Touch me like you do, ta-ta-touch me like you do What are you waiting for?","[{'provider': 'youtube', 'start': 0, 'type': 'video', 'url': 'http://www.youtube.com/watch?v=AJtDXIazrMo'}, {'native_uri': 'spotify:track:2l8w0zZVn4AZNuzrht7MRT', 'provider': 'spotify', 'type': 'audio', 'url': 'https://open.spotify.com/track/2l8w0zZVn4AZNuzrht7MRT'}]",13,2015-01-07,Love Me Like You Do,https://genius.com/Ellie-goulding-love-me-like-you-do-lyrics,"[{'api_path': '/artists/155062', 'header_image_url': 'https://images.genius.com/addfef0d7220105b2f51da5a73fa008c.587x587x1.jpg', 'id': 155062, 'image_url': 'https://images.genius.com/addfef0d7220105b2f51da5a73fa008c.587x587x1.jpg', 'is_meme_verified': False, 'is_verified': False, 'name': 'ILYA', 'url': 'https://genius.com/artists/Ilya'}, {'api_path': '/artists/127642', 'header_image_url': 'https://images.genius.com/3863d1b3f6b926b37e85293e3ec404d0.1000x747x1.jpg', 'id': 127642, 'image_url': 'https://images.genius.com/4b0402655198b2f963ea58883034861e.1000x1000x1.jpg', 'is_meme_verified': False, 'is_verified': True, 'name': 'Tove Lo', 'url': 'https://genius.com/artists/Tove-lo', 'iq': 1402}, {'api_path': '/artists/151087', 'header_image_url': 'https://s3.amazonaws.com/filepicker-images-rapgenius/4FSa7HrUT7a3QUgQaMf3_A-281132-1240777661.jpeg.jpg', 'id': 151087, 'image_url': 'https://s3.amazonaws.com/filepicker-images-rapgenius/VDqQ9CscRImWeqfKQU3A_2206.jpg', 'is_meme_verified': False, 'is_verified': False, 'name': 'Ali Payami', 'url': 'https://genius.com/artists/Ali-payami'}, {'api_path': '/artists/179206', 'header_image_url': 'https://images.genius.com/4bc4f41a26a9ddccb4016b909f0c2ca0.438x344x1.jpg', 'id': 179206, 'image_url': 'https://images.genius.com/4bc4f41a26a9ddccb4016b909f0c2ca0.438x344x1.jpg', 'is_meme_verified': False, 'is_verified': False, 'name': 'Savan Kotecha', 'url': 'https://genius.com/artists/Savan-kotecha'}, {'api_path': '/artists/27835', 'header_image_url': 'https://images.genius.com/1a44589766aa9b30ba951b89a7f47704.1000x661x1.jpg', 'id': 27835, 'image_url': 'https://images.genius.com/b8bd39c64a70399b7ad33b97ae8e1729.905x905x1.jpg', 'is_meme_verified': False, 'is_verified': False, 'name': 'Max Martin', 'url': 'https://genius.com/artists/Max-martin'}]",2015.0
It’s Mashed Potato Time,https://genius.com/albums/Dee-dee-sharp/It-s-mashed-potato-time,Dee Dee Sharp,[],"Look out, look out There's a big bad bird that's flyin' about Come on baby, do the bird with me Fly, yi, yi, yeah I, yi, yeah, baby Fly your hands around wing down  Do the bird, do the bird Do the shimmy, shimmy I feel for you gimme Do the bird, do the bird Come on were gonna work it out now Hey, hey, there do the bird with might, yeah  Come on take me to the sky above Fly ,yi, yi, yeah I Come on baby, we can fall in love Fly, yi, yi, yeah I Come on baby, shake it more and go And youll get another turn to float  Do the bird, do the bird Youre a crazy flyer Do the bird, do the bird You're gonna fly higher, yeah  Do the bird, do the bird Come on were gonna Loop-de-loop We're gonna hula hoop Twist and fly to the sky, baby, yeah Do the bird with might, yeah, yeah, yeah  Do the shimmy, shimmy A feel for you gimme Come on were gonna Twist tonight, pony ride Shake and shout work it out now  Hey baby, do the bird with me Oh, the bird you're a crazy flyer You're gonna fly higher Come on and come back A rock and roll, baby",[],96,,Do The Bird,https://genius.com/Dee-dee-sharp-do-the-bird-lyrics,"[{'api_path': '/artists/412315', 'header_image_url': 'https://images.genius.com/094b23a3bf19ebaa54877069353f4630.249x249x1.jpg', 'id': 412315, 'image_url': 'https://images.genius.com/094b23a3bf19ebaa54877069353f4630.249x249x1.jpg', 'is_meme_verified': False, 'is_verified': False, 'name': 'Dave Appell', 'url': 'https://genius.com/artists/Dave-appell'}, {'api_path': '/artists/157389', 'header_image_url': 'https://images.genius.com/0a659b082ef6dfeb7f89159618677bbb.178x178x1.jpg', 'id': 157389, 'image_url': 'https://images.genius.com/0a659b082ef6dfeb7f89159618677bbb.178x178x1.jpg', 'is_meme_verified': False, 'is_verified': False, 'name': 'Kal Mann', 'url': 'https://genius.com/artists/Kal-mann'}]",1963.0
Circus,https://genius.com/albums/Britney-spears/Circus,Britney Spears,[],"[Intro] La, la, la, la, la-la, la, la La, la, la, la, la-la, la, la La, la, la, la, la-la, la, la La, la, la, la, la-la, la, la  [Verse 1] Oh, baby baby, have you seen Amy tonight? Is she in the bathroom, is she smoking up outside? (Oh!) Oh, baby baby, does she take a piece of lime for the drink that I'mma buy her? Do you know just what she likes? (Oh!)  [Pre-Chorus] Oh-oh Tell me, have you seen her? 'Cause I'm so, oh I can't get her off of my brain I just wanna go to the party she gon' go Can somebody take me home? Ha-ha-he-he-ha-ha-ho  [Chorus] Love me, hate me Say what you want about me But all of the boys and all of the girls are begging to, if you seek Amy Love me, hate me But can't you see what I see? All of the boys and all of the girls are begging to, if you seek Amy  [Interlude] (Love me, hate me) La, la, la, la, la-la, la, la La, la, la, la, la-la, la, la  [Verse 2] Amy told me that she's gonna meet me up I don't know where or when, and now they're closing up the club (Oh!) I've seen her once or twice before, she knows my face But it's hard to see with all the people standing in the way (Oh!)  [Pre-Chorus] Oh-oh Tell me, have you seen her? 'Cause I'm so, oh I can't get her off of my brain I just wanna go to the party she gon' go Can somebody take me home? Ha-ha-he-he-ha-ha-ho  [Chorus] Love me, hate me Say what you want about me But all of the boys and all of the girls are begging to, if you seek Amy Love me, hate me But can't you see what I see? All of the boys and all of the girls are begging to, if you seek Amy  [Post-Chorus] (Love me, hate me) Oh, say what you want about me Oh, but can't you see what I see? (Love me, hate me) Oh, say what you want about me ('Bout me, 'bout me)  [Bridge] So tell me if you see her (Let me know what she was wearing, and what she was like) 'Cause I've been waiting here forever (Let me know where she was going, I don't mind) Oh, baby baby, if you seek Amy tonight (Oh!) Oh, baby baby, we'll do whatever you like Oh baby, baby, baby Oh baby, baby, baby  [Interlude] La, la, la, la, la-la, la, la La, la, la, la, la-la, la, la La, la, la, la, la-la, la, la La, la, la, la, la-la, la, la  [Chorus] Love me, hate me Say what you want about me But all of the boys and all of the girls are begging to, if you seek Amy Love me, hate me But can't you see what I see? All of the boys and all of the girls are begging to, if you seek Amy Love me, hate me Say what you want about me (Yeah, yeah) Love me, hate me But can't you see what I see? All of the boys and all of the girls are begging to, if you seek Amy  [Post-Chorus] (Love me, hate me) Oh, say what you want about me Oh, but can't you see what I see? (Love me, hate me) Oh, say what you want about me All of the boys and all of the girls Are begging to if you seek Amy","[{'native_uri': 'spotify:track:2hdy9Wt9qp7M7d0U3ossu2', 'provider': 'spotify', 'type': 'audio', 'url': 'https://open.spotify.com/track/2hdy9Wt9qp7M7d0U3ossu2'}, {'provider': 'youtube', 'start': 0, 'type': 'video', 'url': 'http://www.youtube.com/watch?v=0aEnnH6t8Ts'}]",74,2009-03-10,If U Seek Amy,https://genius.com/Britney-spears-if-u-seek-amy-lyrics,"[{'api_path': '/artists/302826', 'header_image_url': 'https://images.genius.com/5dfe3f7291ed2ffc609ac95579cfbe11.401x401x1.jpg', 'id': 302826, 'image_url': 'https://images.genius.com/392e64ad9329d57363b34d41f13e2a35.401x401x1.jpg', 'is_meme_verified': False, 'is_verified': False, 'name': 'Alexander Kronlund', 'url': 'https://genius.com/artists/Alexander-kronlund'}, {'api_path': '/artists/179206', 'header_image_url': 'https://images.genius.com/4bc4f41a26a9ddccb4016b909f0c2ca0.438x344x1.jpg', 'id': 179206, 'image_url': 'https://images.genius.com/4bc4f41a26a9ddccb4016b909f0c2ca0.438x344x1.jpg', 'is_meme_verified': False, 'is_verified': False, 'name': 'Savan Kotecha', 'url': 'https://genius.com/artists/Savan-kotecha'}, {'api_path': '/artists/27836', 'header_image_url': 'https://images.genius.com/9389950a951ffc6fa639e2817609adee.618x348x1.jpg', 'id': 27836, 'image_url': 'https://images.genius.com/9389950a951ffc6fa639e2817609adee.618x348x1.jpg', 'is_meme_verified': False, 'is_verified': False, 'name': 'Shellback', 'url': 'https://genius.com/artists/Shellback'}, {'api_path': '/artists/27835', 'header_image_url': 'https://images.genius.com/1a44589766aa9b30ba951b89a7f47704.1000x661x1.jpg', 'id': 27835, 'image_url': 'https://images.genius.com/b8bd39c64a70399b7ad33b97ae8e1729.905x905x1.jpg', 'is_meme_verified': False, 'is_verified': False, 'name': 'Max Martin', 'url': 'https://genius.com/artists/Max-martin'}]",2009.0
A Date with The Everly Brothers,https://genius.com/albums/The-everly-brothers/A-date-with-the-everly-brothers,Everly Brothers,[],"[Hook] Don't want your love any more Don't want your kisses, that's for sure I die each time I hear this sound Here he comes, that's Cathy's clown  I've got to stand tall, you know a man can't crawl For when he knows you're telling lies And he hears them passing by He's not a man at all  [Hook]  When you see me shed a tear And you know that it's sincere Don't you think it's kind of sad, that you're treating me so bad? Or don't you even care?  [Hook] Don't want your love any more Don't want your kisses , that's for sure I die each time I hear this sound Here he comes, that's Cathy's clown That's Cathy's clown, that's Cathy's clown","[{'native_uri': 'spotify:track:1MA9StLzlFftLbuqOmoWij', 'provider': 'spotify', 'type': 'audio', 'url': 'https://open.spotify.com/track/1MA9StLzlFftLbuqOmoWij'}, {'provider': 'youtube', 'start': 0, 'type': 'video', 'url': 'http://www.youtube.com/watch?v=lVHP7jR8_8o'}]",3,,Cathy's Clown,https://genius.com/The-everly-brothers-cathys-clown-lyrics,"[{'api_path': '/artists/372525', 'header_image_url': 'https://images.genius.com/4a461226c24fb2cd70ee01bab0730bfe.300x300x1.png', 'id': 372525, 'image_url': 'https://images.genius.com/4a461226c24fb2cd70ee01bab0730bfe.300x300x1.png', 'is_meme_verified': False, 'is_verified': False, 'name': 'Phil Everly', 'url': 'https://genius.com/artists/Phil-everly'}, {'api_path': '/artists/340008', 'header_image_url': 'https://images.genius.com/3fbbead16dc40d2c0266acdd027ca5e8.300x300x1.png', 'id': 340008, 'image_url': 'https://images.genius.com/3fbbead16dc40d2c0266acdd027ca5e8.300x300x1.png', 'is_meme_verified': False, 'is_verified': False, 'name': 'Don Everly', 'url': 'https://genius.com/artists/Don-everly'}]",1960.0
Dance ’til Quarter to Three with U.S. Bonds,https://genius.com/albums/Gary-us-bonds/Dance-til-quarter-to-three-with-u-s-bonds,"Gary ""U.S."" Bonds",[],"Don't you know that I danced, I danced till a quarter to three With the help, last night, of Daddy G He was swingin on the sax like a nobody could And I was dancin' all over the room Oh, don't you know the people were dancin' like they were mad It was the swingin'est band they had, ever had It was the swingin'est song that could ever be It was a night with Daddy G Let me tell you now I never had it so good Yeah and I know you never could Until you get hip with that jive And take a band like the Church Street Five Oh don't you know that I danced I danced till a quarter to three With the help last night of Daddy G Everybody was as happy as they could be And they were swingin with Daddy G Blow Daddy! Let me tell you now I never had it so good Yeah and I know you never could Until you get hip with that jive And take a band like the Church Street Five Oh don't you know that I danced I danced till a quarter to three With the help last night of Daddy G He was swingin on the sax like a nobody could And I was dancin all over the room Oh don't you know the Dance, do bee wa dah Dance, do bee wah dah You can dance, do bee wah dah You can dance, dance, dance","[{'provider': 'youtube', 'start': 0, 'type': 'video', 'url': 'http://www.youtube.com/watch?v=hoopfp5iaKw'}]",31,,Quarter To Three,https://genius.com/Gary-us-bonds-quarter-to-three-lyrics,"[{'api_path': '/artists/1022814', 'header_image_url': 'https://assets.genius.com/images/default_avatar_300.png?1582236495', 'id': 1022814, 'image_url': 'https://assets.genius.com/images/default_avatar_300.png?1582236495', 'is_meme_verified': False, 'is_verified': False, 'name': 'Frank Guida', 'url': 'https://genius.com/artists/Frank-guida'}, {'api_path': '/artists/1022812', 'header_image_url': 'https://assets.genius.com/images/default_avatar_300.png?1582236495', 'id': 1022812, 'image_url': 'https://assets.genius.com/images/default_avatar_300.png?1582236495', 'is_meme_verified': False, 'is_verified': False, 'name': 'Joseph Royster', 'url': 'https://genius.com/artists/Joseph-royster'}, {'api_path': '/artists/1183789', 'header_image_url': 'https://assets.genius.com/images/default_avatar_300.png?1582236495', 'id': 1183789, 'image_url': 'https://assets.genius.com/images/default_avatar_300.png?1582236495', 'is_meme_verified': False, 'is_verified': False, 'name': 'Gary Anderson', 'url': 'https://genius.com/artists/Gary-anderson'}, {'api_path': '/artists/1052492', 'header_image_url': 'https://assets.genius.com/images/default_avatar_300.png?1582236495', 'id': 1052492, 'image_url': 'https://assets.genius.com/images/default_avatar_300.png?1582236495', 'is_meme_verified': False, 'is_verified': False, 'name': 'Gene Barge', 'url': 'https://genius.com/artists/Gene-barge'}]",1961.0
Pure Heroine,https://genius.com/albums/Lorde/Pure-heroine,Lorde,[],"[Intro] Wait till you're announced We've not yet lost all our graces The hounds will stay in chains Look upon Your Greatness and She'll send the call out Send the call out Send the call out Send the call out Send the call out Send the call out Send the call out Send the call out Send the call out Send the call out Send the call out Send the call out Send the call out Send the call out Send the call out Send the call out  [Verse 1] Call all the ladies out, they're in their finery A hundred jewels on throats A hundred jewels between teeth Now bring my boys in, their skin in craters like the moon The moon we love like a brother, while he glows through the room  [Pre-Chorus] Dancin' around the lies we tell Dancin' around big eyes as well Even the comatose, they don't dance and tell  [Chorus] We live in cities you'll never see onscreen Not very pretty, but we sure know how to run things Livin' in ruins of a palace within my dreams And you know we're on each other's team  [Post-Chorus] I'm kind of over gettin' told to throw my hands up in the air So there  [Verse 2] So all the cups got broke Shards beneath our feet But it wasn't my fault And everyone's competing for a love they won't receive 'Cause what this palace wants is release  [Chorus] We live in cities you'll never see onscreen Not very pretty, but we sure know how to run things Livin' in ruins of a palace within my dreams And you know we're on each other's team  [Post-Chorus] I'm kind of over gettin' told to throw my hands up in the air So there I'm kind of older than I was when I reveled without a care So there  [Chorus] We live in cities you'll never see onscreen Not very pretty, but we sure know how to run things Livin' in ruins of a palace within my dreams And you know we're on each other's team  [Outro] We're on each other's team And you know we're on each other's team We're on each other's team We're on each other's team And you know, and you know, and you know","[{'provider': 'youtube', 'start': 0, 'type': 'video', 'url': 'http://www.youtube.com/watch?v=f2JuxM-snGc'}, {'native_uri': 'spotify:track:3G6hD9B2ZHOsgf4WfNu7X1', 'provider': 'spotify', 'type': 'audio', 'url': 'https://open.spotify.com/track/3G6hD9B2ZHOsgf4WfNu7X1'}]",18,2013-09-13,Team,https://genius.com/Lorde-team-lyrics,"[{'api_path': '/artists/63216', 'header_image_url': 'https://images.genius.com/b317bb3f103f510fae8afee2215225fc.1000x1000x1.jpg', 'id': 63216, 'image_url': 'https://images.genius.com/b317bb3f103f510fae8afee2215225fc.1000x1000x1.jpg', 'is_meme_verified': False, 'is_verified': False, 'name': 'Joel Little', 'url': 'https://genius.com/artists/Joel-little'}, {'api_path': '/artists/36944', 'header_image_url': 'https://images.genius.com/729038175e5bdf1f399e5877565672e7.1000x676x1.jpg', 'id': 36944, 'image_url': 'https://images.genius.com/a2fd0bb1affd9235323dfed76a982644.393x393x1.png', 'is_meme_verified': True, 'is_verified': True, 'name': 'Lorde', 'url': 'https://genius.com/artists/Lorde', 'iq': 7451}]",2014.0
96 Tears,https://genius.com/albums/And-the-mysterians/96-tears,? and The Mysterians,[],"Too many teardrops For one heart to be cryin' Too many teardrops For one heart to carry on  You're way on top now Since you left me You're always laughin' Way down at me  But watch out now I'm gonna get there We'll be together For just a little while  And then I'm gonna put you Way down here And you'll start cryin' 96 tears  Cry Cry  And when the sun comes up I'll be on top You'll be right down there Lookin' up  And I might wave Come up here But I don't see you Wavin' now  I'm way down here Wonderin' how I'm gonna get you But I know now  I'll just cry Cry I'll just cry  Too many teardrops For one heart to be cryin' Too many teardrops For one heart to carry on  You're gonna cry 96 tears You're gonna cry 96 tears You're gonna cry, cry, cry, cry, now You're gonna cry, cry, cry, cry  96 tears, c'mon, let me hear you cry, now 96 tears, woo, I wanna hear you cry Night and day, yeah, all night long  96 tears, cry, cry, cry C'mon baby, let me hear you cry now All night long, 96 tears Yeah, c'mon now, 96 tears","[{'provider': 'youtube', 'start': 0, 'type': 'video', 'url': 'http://www.youtube.com/watch?v=R7uC5m-IRns'}]",5,,96 Tears,https://genius.com/And-the-mysterians-96-tears-lyrics,"[{'api_path': '/artists/574339', 'header_image_url': 'https://assets.genius.com/images/default_avatar_300.png?1582236495', 'id': 574339, 'image_url': 'https://assets.genius.com/images/default_avatar_300.png?1582236495', 'is_meme_verified': False, 'is_verified': False, 'name': 'Rudy Martinez', 'url': 'https://genius.com/artists/Rudy-martinez'}]",1966.0
I’m Easy,https://genius.com/albums/Keith-carradine/I-m-easy,Keith Carradine,[],"{Intro}  It's not my way to love you Just when no one's looking It's not my way to take Your hand if I'm not sure  It's not my way to let you see What's going on inside of me When it's a love you Won't be needing, you're not free  Please stop pulling at my sleeve If you're just playing If you won't take the things You make me want to give  I never cared too much for games And this one's driving me insane You're not half as free To wander as you claim  But I'm easy, yeah, I'm easy Give the word, I'll play your game As though that's how it ought to be Because I'm easy  Don't lead me on If there's nowhere For you to take me If loving you will have To be a sometime thing  I can't put bars on my insides My love is something I can't hide It still hurts when I recall The times I've tried  I'm easy, yeah I'm easy Take my hand and pull me down I won't put up any fight Because I'm easy  Don't do me favors Let me watch you from a distance Cause when you're near I find it hard to keep my head  When your eyes throw light at mine It's enough to change my mind Make me leave my Cautious words and ways behind  That's why I'm easy, yeah, I'm easy Say you want me, I'll come running Without taking time to think Because I'm easy  Take my hand and pull me down I won't put up any fight Because I'm easy  Yeah, I'm easy Give the word, I'll play your game As though that's how it ought to be Because I'm easy","[{'provider': 'youtube', 'start': 0, 'type': 'video', 'url': 'http://www.youtube.com/watch?v=dYSc7QzWtt8'}]",71,1974-07-01,I'm Easy,https://genius.com/Keith-carradine-im-easy-lyrics,"[{'api_path': '/artists/386012', 'header_image_url': 'https://images.genius.com/d7676c04172880f614bf7dedfa2b0323.750x750x1.jpg', 'id': 386012, 'image_url': 'https://images.genius.com/d7676c04172880f614bf7dedfa2b0323.750x750x1.jpg', 'is_meme_verified': False, 'is_verified': False, 'name': 'Keith Carradine', 'url': 'https://genius.com/artists/Keith-carradine'}]",1976.0
Please Love Me Forever! The Fabulous Sixties Essential Collection,https://genius.com/albums/Various-artists/Please-love-me-forever-the-fabulous-sixties-essential-collection,Adam Wade,[],"I suppose I ought to say congratulations For you've won the only girl I ever loved  But I hurt too much to face the situation Just take good care of her Take good care of her  Just to be around her Was my greatest pleasure She was everything My future held in store  So, remember When you take my only treasure Please, take good care of her Take good care of her  I must accept it She loves you more than me So with my broken heart I'll bow out gracefully  Please don't send me Any wedding invitation For I couldn't bear to see her there with you  If she's happy That will be my consolation So, take good care of her Take good care of her  Take good care of her Take good care of her","[{'provider': 'youtube', 'start': 0, 'type': 'video', 'url': 'http://www.youtube.com/watch?v=w4NenkB44cI'}]",61,,Take Good Care Of Her,https://genius.com/Adam-wade-take-good-care-of-her-lyrics,[],1961.0
Seal (1994),https://genius.com/albums/Seal/Seal-1994,Seal,[],"[Verse 1] Fearless people Careless needle Harsh words spoken And lives are broken Forceful aging Help me, I'm fading Heaven's waiting It's time to move on  [Hook 1] Crossing that bridge With lessons I've learned Playing with fire And not getting burned I may not know what you're going through But time is the space between me and you Life carries on It goes on  [Verse 2] Just say, ""Die,"" and that would be pessimistic In your mind, we can walk across water Please don't cry, it's just a prayer for the dying I just don't know what's got into me  [Hook 1] Crossing that bridge With lessons I've learned Playing with fire And not getting burned I may not know what you're going through But time is the space between me and you Life carries on It goes on  [Hook 2] There is a light through that window Hold on say yes, while people say no Life carries on It goes on  [Hook 1] Crossing that bridge With lessons I've learned Playing with fire And not getting burned I may not know what you're going through But time is the space between me and you Life carries on It goes on  [Hook 2] There is a light through that window Hold on say yes, while people say no Life carries on It goes on It goes on Goes, goes Life carries on  [Outro] When nothing else matters When nothing else matters I just don't know what's got into me It's just a prayer for the dying For the dying","[{'provider': 'youtube', 'start': 0, 'type': 'video', 'url': 'http://www.youtube.com/watch?v=WVIfT9qMvX4'}]",83,1994-04-25,Prayer For The Dying,https://genius.com/Seal-prayer-for-the-dying-lyrics,"[{'api_path': '/artists/1131099', 'header_image_url': 'https://assets.genius.com/images/default_avatar_300.png?1582236495', 'id': 1131099, 'image_url': 'https://assets.genius.com/images/default_avatar_300.png?1582236495', 'is_meme_verified': False, 'is_verified': False, 'name': 'Gus Isidore', 'url': 'https://genius.com/artists/Gus-isidore'}, {'api_path': '/artists/11597', 'header_image_url': 'https://images.genius.com/fad56b0701775e4869dc034e5d71bfc2.400x400x1.jpg', 'id': 11597, 'image_url': 'https://images.genius.com/fad56b0701775e4869dc034e5d71bfc2.400x400x1.jpg', 'is_meme_verified': True, 'is_verified': True, 'name': 'Seal', 'url': 'https://genius.com/artists/Seal', 'iq': 3778}]",1994.0
Leave This Town,https://genius.com/albums/Daughtry/Leave-this-town,Daughtry,[],"[Verse 1] Ten miles from town and I just broke down Spittin' out smoke on the side of the road I'm out here alone just tryin' to get home To tell you I was wrong, but you already know  [Chorus 1] Believe me, I won't stop at nothin' To see you, so I've started runnin'  [Chorus 2] All that I'm after is a life full of laughter As long as I'm laughing with you I'm thinking that all that still matters is love ever after After the life we've been through 'Cause I know there's no life after you  [Verse 2] Last time we talked, the night that I walked Burns like an iron in the back of my mind I must've been high to say you and I Weren't meant to be and just wasting my time  [Chorus 1] Oh, why did I ever doubt you? You know I would die here without you  [Chorus 2] All that I'm after is a life full of laughter As long as I'm laughing with you I'm thinking that all that still matters is love ever after After the life we've been through 'Cause I know there's no life after you  [Bridge] You and I, right or wrong, there's no other one After this time I spent alone It's hard to believe that a man with sight could be so blind Thinkin' 'bout the better times, must've been outta my mind So I'm runnin' back to tell you  [Chorus 1] All that I'm after is a life full of laughter Without you, God knows what I'd do, yeah  [Chorus 2] All that I'm after is a life full of laughter As long as I'm laughing with you I'm thinking that all that still matters is love ever after After the life we've been through, yeah Know there's no life after you  [Outro] Know there's no life after you (know there's no life after you) Know there's no life after you (know there's no life after you) Know there's no life after you (know there's no life after you) Know there's no life after you, yeah","[{'native_uri': 'spotify:track:4gWTBq5Jftq5CEKYpLXD8R', 'provider': 'spotify', 'type': 'audio', 'url': 'https://open.spotify.com/track/4gWTBq5Jftq5CEKYpLXD8R'}, {'provider': 'youtube', 'start': 0, 'type': 'video', 'url': 'http://www.youtube.com/watch?v=Cvm2OYF2p7E'}]",96,2009-11-10,Life After You,https://genius.com/Daughtry-life-after-you-lyrics,"[{'api_path': '/artists/352735', 'header_image_url': 'https://assets.genius.com/images/default_avatar_300.png?1582236495', 'id': 352735, 'image_url': 'https://assets.genius.com/images/default_avatar_300.png?1582236495', 'is_meme_verified': False, 'is_verified': False, 'name': 'Brett James', 'url': 'https://genius.com/artists/Brett-james'}, {'api_path': '/artists/227633', 'header_image_url': 'https://images.genius.com/1a128960b842d7014b73937f362ae405.570x413x1.jpg', 'id': 227633, 'image_url': 'https://images.genius.com/8d0323fef106b566b56de25ad6d1e2c7.550x550x1.jpg', 'is_meme_verified': False, 'is_verified': False, 'name': 'Joey Moi', 'url': 'https://genius.com/artists/Joey-moi'}, {'api_path': '/artists/7804', 'header_image_url': 'https://images.genius.com/e325d63f539e221364fe4d4ee2078e42.630x420x1.jpg', 'id': 7804, 'image_url': 'https://images.genius.com/6d0d749cf7c9b0b66cc4136f5514a9be.300x300x1.jpg', 'is_meme_verified': False, 'is_verified': False, 'name': 'Chad Kroeger', 'url': 'https://genius.com/artists/Chad-kroeger'}, {'api_path': '/artists/152338', 'header_image_url': 'https://images.genius.com/33dc7656369140bd8485973c97567787.1000x668x1.jpg', 'id': 152338, 'image_url': 'https://images.genius.com/ad8311670e46b77a3487f7afbd4d23c2.1000x1000x1.jpg', 'is_meme_verified': False, 'is_verified': False, 'name': 'Chris Daughtry', 'url': 'https://genius.com/artists/Chris-daughtry'}]",2010.0
All I Need ,https://genius.com/albums/Jack-wagner/All-i-need,Jack Wagner,[],[Verse 1] Kissing you was not what I had planned And now I'm not so sure just where I stand I wasn't looking for true love But now you're looking at me You're the only one I can think of You're the only one I see  [Chorus] All I need Is just a little more time To be sure what I feel Is it all in my mind Cause it seems so hard to believe That you're all I need  [Verse 2] Yes it's true we've all been hurt before But it doesn't seem to matter anymore It may be a chance we're taking But it always comes to this If this isn't love we're making Then I don't know what it is  [Pre-Chorus] All I need Is just a little more time To be sure what I feel Is it all in my mind Cause it seems so hard to believe  [Chorus] All I need Is just a little more time To be sure what I feel Is it all in my mind Cause it seems so hard to believe That you're all I need  [Verse 3] No stars are out tonight But we're shining our own light And it's never felt so bright Cause girl the way I'm feeling It's easy to believe That you're all I need  [Outro] Ahhhh You're all I need Oooooh ahhhh,"[{'provider': 'youtube', 'start': 0, 'type': 'video', 'url': 'http://www.youtube.com/watch?v=TyEUhmmZiQk'}]",42,,All I Need,https://genius.com/Jack-wagner-all-i-need-lyrics,"[{'api_path': '/artists/378156', 'header_image_url': 'https://images.genius.com/77a91a90857517f57c30b060376705bd.177x177x1.jpg', 'id': 378156, 'image_url': 'https://images.genius.com/77a91a90857517f57c30b060376705bd.177x177x1.jpg', 'is_meme_verified': False, 'is_verified': False, 'name': 'David Pack', 'url': 'https://genius.com/artists/David-pack'}, {'api_path': '/artists/394765', 'header_image_url': 'https://assets.genius.com/images/default_avatar_300.png?1582236495', 'id': 394765, 'image_url': 'https://assets.genius.com/images/default_avatar_300.png?1582236495', 'is_meme_verified': False, 'is_verified': False, 'name': 'Clif Magness', 'url': 'https://genius.com/artists/Clif-magness'}, {'api_path': '/artists/34994', 'header_image_url': 'https://images.genius.com/bbd7580645630e41520d198de2eba893.430x430x1.jpg', 'id': 34994, 'image_url': 'https://images.genius.com/bbd7580645630e41520d198de2eba893.430x430x1.jpg', 'is_meme_verified': False, 'is_verified': False, 'name': 'Glen Ballard', 'url': 'https://genius.com/artists/Glen-ballard'}]",1985.0
Achtung Baby,https://genius.com/albums/U2/Achtung-baby,U2,[],"[Verse 1] Johnny, take a walk with your sister the moon Let her pale light in, to fill up your room You've been living underground, eating from a can You've been running away from what you don't understand, love  [Pre-Chorus] She's slippy, you're sliding down She'll be there when you hit the ground  [Chorus] It's alright, it's alright, it's alright She moves in mysterious ways It's alright, it's alright, it's alright She moves in mysterious ways, oh  [Verse 2] Johnny, take a dive with your sister in the rain Let her talk about the things you can't explain To touch is to heal, to hurt is to steal If you want to kiss the sky, better learn how to kneel On your knees, boy!  [Pre-Chorus] She's the wave, she turns the tide She sees the man inside the child  [Chorus] It's alright, it's alright, it's alright She moves in mysterious ways, oh It's alright, it's alright, it's alright She moves in mysterious ways, oh It's alright, It's alright, alright Lift my days, light up my nights, oh  [Bridge] One day you'll look back, and you'll see Where you were held now by this love While you could stand there You could move on this moment Follow this feeling  [Chorus] It's alright, it's alright, it's alright She moves in mysterious ways It's alright, it's alright, it's alright She moves in mysterious ways, oh  [Outro] Move you, spirits move you Move, spirits 'its move you, oh yeah Does it move you? She moves with it Lift my days, and light up my nights, oh We move through miracle days Spirit moves in mysterious ways She moves with it She moves with it Lift my days, light up my nights","[{'provider': 'youtube', 'start': 0, 'type': 'video', 'url': 'http://www.youtube.com/watch?v=TxcDTUMLQJI'}, {'native_uri': 'spotify:track:50JK22El2PTIzZBU2liLDI', 'provider': 'spotify', 'type': 'audio', 'url': 'https://open.spotify.com/track/50JK22El2PTIzZBU2liLDI'}]",57,1991-11-24,Mysterious Ways,https://genius.com/U2-mysterious-ways-lyrics,"[{'api_path': '/artists/630346', 'header_image_url': 'https://images.genius.com/883c1e8b30438ee1f79470376a273188.638x638x1.jpg', 'id': 630346, 'image_url': 'https://images.genius.com/883c1e8b30438ee1f79470376a273188.638x638x1.jpg', 'is_meme_verified': False, 'is_verified': False, 'name': 'Larry Mullen Jr', 'url': 'https://genius.com/artists/Larry-mullen-jr'}, {'api_path': '/artists/404146', 'header_image_url': 'https://images.genius.com/b97d4cbfe6fcf7884dc5c9fede44031a.564x564x1.jpg', 'id': 404146, 'image_url': 'https://images.genius.com/b97d4cbfe6fcf7884dc5c9fede44031a.564x564x1.jpg', 'is_meme_verified': False, 'is_verified': False, 'name': 'Adam Clayton', 'url': 'https://genius.com/artists/Adam-clayton'}, {'api_path': '/artists/45696', 'header_image_url': 'https://images.genius.com/50940cc70cf3c0bb6fc0928a84d78a70.240x180x50.gif', 'id': 45696, 'image_url': 'https://images.genius.com/92dfe790a3fa373e8329fc938232d8e3.650x367x1.jpg', 'is_meme_verified': False, 'is_verified': False, 'name': 'The Edge (Guitarist)', 'url': 'https://genius.com/artists/The-edge-guitarist'}, {'api_path': '/artists/15857', 'header_image_url': 'https://images.genius.com/ac842ec4e4bd6a593a9ea5bd80ddf1bb.320x240x20.gif', 'id': 15857, 'image_url': 'https://s3.amazonaws.com/rapgenius/1363982668_bono.jpg', 'is_meme_verified': False, 'is_verified': False, 'name': 'Bono', 'url': 'https://genius.com/artists/Bono'}]",1992.0
"More, More, More",https://genius.com/albums/Andrea-true-connection/More-more-more,Andrea True Connection,[],"Ooh, how do you like your love? Ooh, how do you like your love? But if you want to know How I really feel Just get the cameras rollin' And get the action goin' Baby you know My love for you is real So take me where you want to Me and my heart you steal  (More, more, more) How do you like it? How do you like it? (More, more, more) How do you like it? How do you like it? (More, more, more) How do you like it? How do you like it?  Ooh, how do you like your love? Ooh, how do you like your love?  But if you want to know How I really feel Just get the cameras rollin' Get the action goin' Baby you know My love for you is real So take me where you want to Me and my heart you steal  (More, more, more) How do you like it? How do you like it? (More, more, more) How do you like it? How do you like it? (More, more, more) How do you like it? How do you like your love?  But if you want to know How I really feel Get the cameras rollin' Get the action goin' (More, more, more) How do you like it? How do you like it? (More, more, more) How do you like it? How do you like it? (More, more, more) How do you like it? How do you like it?","[{'provider': 'youtube', 'start': 0, 'type': 'video', 'url': 'http://www.youtube.com/watch?v=RlJGrIyt-X8'}]",17,,"More, More, More",https://genius.com/Andrea-true-connection-more-more-more-lyrics,"[{'api_path': '/artists/1016084', 'header_image_url': 'https://assets.genius.com/images/default_avatar_300.png?1582236495', 'id': 1016084, 'image_url': 'https://assets.genius.com/images/default_avatar_300.png?1582236495', 'is_meme_verified': False, 'is_verified': False, 'name': 'Gregg Diamond', 'url': 'https://genius.com/artists/Gregg-diamond'}]",1976.0
The Fame,https://genius.com/albums/Lady-gaga/The-fame,Lady Gaga feat. Colby O'Donis,"[{'api_path': '/artists/3023', 'header_image_url': 'https://s3.amazonaws.com/rapgenius/colby-o-donis-wango-tango-2012-03.jpg', 'id': 3023, 'image_url': 'https://s3.amazonaws.com/rapgenius/colby-o-donis-wango-tango-2012-03.jpg', 'is_meme_verified': False, 'is_verified': False, 'name': 'Colby O’Donis', 'url': 'https://genius.com/artists/Colby-odonis'}]","[Intro: Lady Gaga & Akon] RedOne Konvict Gaga (Oh-oh, eh)  [Verse 1: Lady Gaga & Akon] I've had a little bit too much, much (Oh, oh, oh-oh) All of the people start to rush (Start to rush by) A dizzy twister dance Can't find my drink or man Where are my keys? I lost my phone, phone (Oh, oh, oh-oh)  [Pre-Chorus: Lady Gaga] What's going on on the floor? I love this record, baby, but I can't see straight anymore Keep it cool What's the name of this club? I can't remember, but it's alright, alright  [Chorus: Lady Gaga] Just dance Gonna be okay Da-da-doo-doot-n, just dance Spin that record, babe Da-da-doo-doot-n, just dance Gonna be okay Da-da-da-dance, dance, dance Just j-j-just dance  [Verse 2: Lady Gaga & Akon] Wish I could shut my playboy mouth (Oh, oh, oh-oh) How'd I turn my shirt inside out? (Inside out, right) Control your poison, babe Roses have thorns, they say And we're all gettin' hosed tonight (Oh, oh, oh-oh)  [Pre-Chorus: Lady Gaga] What's going on on the floor? I love this record, baby, but I can't see straight anymore Keep it cool What's the name of this club? I can't remember, but it's alright, alright  [Chorus: Lady Gaga] Just dance Gonna be okay Da-da-doo-doot-n, just dance Spin that record, babe Da-da-doo-doot-n, just dance Gonna be okay Da-da-da-dance, dance, dance Just j-j-just dance  [Verse 3: Colby O'Donis] When I come through on the dance floor, checking out that catalogue Can't believe my eyes So many women without a flaw And I ain't gonna give it up Steady, tryna pick it up, like a call I'mma hit it, I'mma beat it and latch onto it until tomorrow, yeah Shorty, I can see that you got so much energy The way you twirling up them hips 'round and 'round And there is no reason at all why you can't leave here with me In the meantime, stay and let me watch you break it down  [Chorus: Lady Gaga & Akon] And dance Gonna be okay (Oh-oh) Da-da-doo-doot-n, just dance (Ooh, yeah) Spin that record, babe Da-da-doo-doot-n, just dance (Ooh, yeah) Gonna be okay Da-da-doo-doot-n, just dance (Ooh, yeah) Spin that record, babe Da-da-doo-doot-n, just dance (Oh) Gonna be okay Da-da-da-dance, dance, dance (Gonna be okay, yeah) Just j-j-just dance (Oh)  [Interlude: Akon] (Incredible... amazing... music) Wooo! Let's go!  [Bridge: Lady Gaga & Akon] Half psychotic, sick, hypnotic, got my blueprint, it's symphonic Half psychotic, sick, hypnotic, got my blueprint, electronic Half psychotic, sick, hypnotic, got my blueprint, it's symphonic Half psychotic, sick, hypnotic, got my blueprint, electronic Go! Use your muscle, carve it out, work it, hustle (I got it, just stay close enough to get it on) Don't slow! Drive it, clean it, Lysol, bleed it Spend the last dough (I got it) in your pock-o (I got it)  [Chorus: Lady Gaga] Just dance Gonna be okay Da-da-doo-doot-n, just dance Spin that record, babe Da-da-doo-doot-n, just dance Gonna be okay Da-da-doo-doot-n, just dance Spin that record, babe Da-da-doo-doot-n, just dance Gonna be okay Da-da-da-dance, dance, dance Just j-j-just dance","[{'provider': 'youtube', 'start': 0, 'type': 'video', 'url': 'http://www.youtube.com/watch?v=2Abk1jAONjw'}, {'native_uri': 'spotify:track:3E5XrOtqMAs7p2wKhwgOjf', 'provider': 'spotify', 'type': 'audio', 'url': 'https://open.spotify.com/track/3E5XrOtqMAs7p2wKhwgOjf'}]",3,2008-04-08,Just Dance,https://genius.com/Lady-gaga-just-dance-lyrics,"[{'api_path': '/artists/29767', 'header_image_url': 'https://images.genius.com/avatars/medium/955d9f7f1316334417294afe4b4ab3ea', 'id': 29767, 'image_url': 'https://images.genius.com/avatars/medium/955d9f7f1316334417294afe4b4ab3ea', 'is_meme_verified': False, 'is_verified': True, 'name': 'RedOne', 'url': 'https://genius.com/artists/Redone', 'iq': 100}, {'api_path': '/artists/157', 'header_image_url': 'https://images.genius.com/609275205915adfdb2d9fbe81480c0be.475x376x1.jpg', 'id': 157, 'image_url': 'https://images.genius.com/b714c76ff85aee144b80660942cf2e22.1000x1000x1.jpg', 'is_meme_verified': False, 'is_verified': False, 'name': 'Akon', 'url': 'https://genius.com/artists/Akon'}, {'api_path': '/artists/447', 'header_image_url': 'https://images.genius.com/3b01f0ef8de60ec3c3ec0709b3811962.1000x333x1.jpg', 'id': 447, 'image_url': 'https://images.genius.com/10e9bc38b809a0ba667519e3b8554ff5.400x400x1.jpg', 'is_meme_verified': True, 'is_verified': True, 'name': 'Lady Gaga', 'url': 'https://genius.com/artists/Lady-gaga', 'iq': 2493}]",2009.0
Keep It Live,https://genius.com/albums/Dazz-band/Keep-it-live,Dazz Band,[],"[Verse 1] Wanna see you with it Sho' could treat you right Give me just a minute Of your time tonight We both are here to have good fun So let it whip We'll get to groovin' Love your body language Baby, let me know You've got me sort of anxious We both are here to have good fun So let it whip  [Chorus] So let it whip (Let's whip it, baby) Child (Let's whip it right) Get a grip (Let's whip it baby) (Work it all night) Well, what's your trip? (No no) Child C'mon let it whip Oww-hoo  [Verse 2] Now that you can see How you groove with me What else can I do To get closer to you We both are here to have good fun So let it whip We have the natural feeling Obviously revealing Let me be your paper man I'd love to be your joker man We both are here to have good fun So let it whip  [Chorus] So let it whip (Let's whip it, baby) Child (Let's whip it right) Get a grip (Let's whip it baby) (Work it all night) Well, what's your trip? (No no) Child C'mon let it whip Oww-hoo So let it whip (Let's whip it, baby) Child (Let's whip it right) Get a grip (Let's whip it baby) (Work it all night) Well, what's your trip? (No no) Child C'mon let it whip Oww-hoo  [Bridge] (There's no time to lose) There is no time to lose (You're the one I choose) (You're so right) You're the one I choose I only wanna be with you You're the one for me Can't you see that I (I won't waste your time) I won't waste your time (I sense something divine in you) Something divine in you (Yes I do) Oooh-hoo  [Chorus] So let it whip (Let's whip it, baby) Child (Let's whip it right) Get a grip (Let's whip it baby) (Work it all night) Well, what's your trip? (No no) Child C'mon let it whip Oww-hoo  [Bridge] (There's no time to lose) There is no time to lose (You're the one I choose) (You're so right) You're the one I choose I only wanna be with you You're the one for me Can't you see that I (I won't waste your time) I won't waste your time (I sense something divine in you) Something divine in you (Yes I do) Oooh-hoo  [Chorus] So let it whip (Let's whip it, baby) Child (Let's whip it right) Get a grip (Let's whip it baby) (Work it all night) Well, what's your trip? (No no) Child C'mon let it whip Oww-hoo So let it whip (Let's whip it, baby) Child (Let's whip it right) Get a grip (Let's whip it baby) (Work it all night) Well, what's your trip? (No no) Child C'mon let it whip Oww-hoo","[{'native_uri': 'spotify:track:2UCgWpa2r4ytWueNItYbWE', 'provider': 'spotify', 'type': 'audio', 'url': 'https://open.spotify.com/track/2UCgWpa2r4ytWueNItYbWE'}, {'provider': 'youtube', 'start': 0, 'type': 'video', 'url': 'http://www.youtube.com/watch?v=SE7-tWEEejU'}]",24,1982-01-01,Let It Whip,https://genius.com/Dazz-band-let-it-whip-lyrics,"[{'api_path': '/artists/361484', 'header_image_url': 'https://images.genius.com/70553ba4aa765373d6d8ff3261653f44.688x358x1.jpg', 'id': 361484, 'image_url': 'https://images.genius.com/70553ba4aa765373d6d8ff3261653f44.688x358x1.jpg', 'is_meme_verified': False, 'is_verified': False, 'name': 'Dazz Band', 'url': 'https://genius.com/artists/Dazz-band'}]",1982.0
NOW That’s What I Call Music! 96 [UK],https://genius.com/albums/Now-thats-what-i-call-music/Now-thats-what-i-call-music-96-uk,The Kid Laroi and Justin Bieber,[],"Waiting for the time to pass you by Hope the winds of change will change your mind I could give a thousand reasons why And I know you, and you've got to  [Pre-Chorus] Make it on your own, but we don't have to grow up We can stay forever young Living on my sofa, drinking rum and cola Underneath the rising sun I could give a thousand reasons why But you're going, and you know that  [Chorus] All you have to do is stay a minute Just take your time The clock is ticking, so stay All you have to do is wait a second Your hands on mine The clock is ticking, so stay  [Post-Chorus] All you have to do is All you have to do is stay You might also like[Verse 2] Won't admit what I already know I've never been the best at letting go I don't wanna spend the night alone Guess I need you, and I need to  [Pre-Chorus] Make it on my own, but I don't wanna grow up We can stay forever young Living on my sofa, drinking rum and cola Underneath the rising sun I could give a million reasons why But I'm going, and you know that  [Chorus] All you have to do is stay a minute Just take your time The clock is ticking, so stay All you have to do is wait a second Your hands on mine The clock is ticking, so stay  [Post-Chorus] All you have to do is All you have to do is stay [Bridge] All you have to do is stay So stay, yeah  [Chorus] All you have to do is stay a minute Just take your time The clock is ticking, so stay All you have to do is wait a second Your hands on mine The clock is ticking, so stay All you have to do is stay  [Outro] Stay86Embed","[{'native_uri': 'spotify:track:6uBhi9gBXWjanegOb2Phh0', 'provider': 'spotify', 'type': 'audio', 'url': 'https://open.spotify.com/track/6uBhi9gBXWjanegOb2Phh0'}, {'attribution': 'zedd', 'provider': 'soundcloud', 'type': 'audio', 'url': 'https://soundcloud.com/zedd/stay'}, {'provider': 'youtube', 'start': 0, 'type': 'video', 'url': 'http://www.youtube.com/watch?v=yWEK4v9AVKQ'}]",12,2017-02-23,Stay,https://genius.com/Zedd-and-alessia-cara-stay-lyrics,"[{'api_path': '/artists/201335', 'header_image_url': 'https://images.genius.com/1b3532cfdc719246e4f33b42013f9fd0.600x378x1.jpg', 'id': 201335, 'image_url': 'https://images.genius.com/a506a3b83a4120e8ce810b020fff9116.378x378x1.jpg', 'is_meme_verified': False, 'is_verified': False, 'name': 'Mood Melodies', 'url': 'https://genius.com/artists/Mood-melodies'}, {'api_path': '/artists/24215', 'header_image_url': 'https://images.genius.com/23f6180018a2c1013fbfadef1be56bdc.1000x333x1.jpg', 'id': 24215, 'image_url': 'https://images.genius.com/a07e22a12f4d6d6476ab255dde79c92b.400x400x1.jpg', 'is_meme_verified': True, 'is_verified': True, 'name': 'Zedd', 'url': 'https://genius.com/artists/Zedd', 'iq': 5497}, {'api_path': '/artists/978135', 'header_image_url': 'https://images.genius.com/dd8007c5716c8c98c63a365e993031ad.399x399x1.jpg', 'id': 978135, 'image_url': 'https://images.genius.com/dd8007c5716c8c98c63a365e993031ad.399x399x1.jpg', 'is_meme_verified': False, 'is_verified': False, 'name': 'Lotus IV', 'url': 'https://genius.com/artists/Lotus-iv'}, {'api_path': '/artists/394321', 'header_image_url': 'https://images.genius.com/45fb1e070d6bd8ba01b50b689304b186.874x1000x1.jpg', 'id': 394321, 'image_url': 'https://images.genius.com/3d4c802dfae1db67f06633906e4f0782.604x604x1.jpg', 'is_meme_verified': False, 'is_verified': True, 'name': 'Alessia Cara', 'url': 'https://genius.com/artists/Alessia-cara', 'iq': 9812}, {'api_path': '/artists/1064434', 'header_image_url': 'https://images.genius.com/2ecf53534becfe0dbaf9cc39339ce82c.1000x1000x1.jpg', 'id': 1064434, 'image_url': 'https://images.genius.com/2ecf53534becfe0dbaf9cc39339ce82c.1000x1000x1.jpg', 'is_meme_verified': False, 'is_verified': False, 'name': 'Sarah Aarons', 'url': 'https://genius.com/artists/Sarah-aarons'}, {'api_path': '/artists/106714', 'header_image_url': 'https://images.genius.com/c22fe3db4a154ce04849b12bd17f7fae.851x315x1.jpg', 'id': 106714, 'image_url': 'https://images.genius.com/2204caea5fcdd2613c29c0c771e095bc.783x783x1.jpg', 'is_meme_verified': False, 'is_verified': False, 'name': 'Noonie Bao', 'url': 'https://genius.com/artists/Noonie-bao'}]",2021.0
The Dutchess,https://genius.com/albums/Fergie/The-dutchess,Fergie,[],"[Intro] La, da, da, da  [Verse 1] The smell of your skin lingers on me now You're probably on your flight back to your hometown I need some shelter of my own protection, baby Be with myself and center Clarity, peace, serenity  [Chorus] I hope you know, I hope you know That this has nothing to do with you It's personal, myself and I We got some straightening out to do And I'm gonna miss you like a child misses their blanket But I've got to get a move on with my life It's time to be a big girl now And big girls don't cry Don't cry, don't cry, don't cry  [Verse 2] The path that I'm walking, I must go alone I must take the baby steps 'til I'm full grown, full grown Fairytales don't always have a happy ending, do they? And I foresee the dark ahead if I stay  [Chorus] I hope you know, I hope you know That this has nothing to do with you It's personal, myself and I We got some straightening out to do And I'm gonna miss you like a child misses their blanket But I've got to get a move on with my life It's time to be a big girl now And big girls don't cry  [Bridge] Like the little schoolmate in the school yard We'll play jacks and UNO cards I'll be your best friend and you'll be my Valentine Yes, you can hold my hand if you want to 'Cause I wanna hold yours too We'll be playmates and lovers And share our secret worlds But it's time for me to go home It's getting late and dark outside I need to be with myself and center Clarity, peace, serenity, yeah  [Chorus] I hope you know, I hope you know That this has nothing to do with you It's personal, myself and I We got some straightening out to do And I'm gonna miss you like a child misses their blanket But I've got to get a move on with my life It's time to be a big girl now And big girls don't cry Don't cry, don't cry, don't cry  [Outro] La, da, da, da, da, da","[{'provider': 'youtube', 'start': 0, 'type': 'video', 'url': 'http://www.youtube.com/watch?v=agrXgrAgQ0U'}, {'native_uri': 'spotify:track:3Q4WeJmzxuDpzMu9QjQqbM', 'provider': 'spotify', 'type': 'audio', 'url': 'https://open.spotify.com/track/3Q4WeJmzxuDpzMu9QjQqbM'}]",78,2007-05-22,Big Girls Don't Cry,https://genius.com/Fergie-big-girls-dont-cry-personal-lyrics,"[{'api_path': '/artists/950', 'header_image_url': 'https://images.genius.com/9b8e4b0c3e3d0c1fcc93bd727e08d625.1000x563x1.jpg', 'id': 950, 'image_url': 'https://images.genius.com/8f634279b9dfb2e2856a4460f657115d.1000x1000x1.jpg', 'is_meme_verified': False, 'is_verified': True, 'name': 'Fergie', 'url': 'https://genius.com/artists/Fergie', 'iq': 100}, {'api_path': '/artists/35344', 'header_image_url': 'https://images.genius.com/c38a1f3f59e27cb610eda28304fed836.471x594x1.jpg', 'id': 35344, 'image_url': 'https://images.genius.com/c38a1f3f59e27cb610eda28304fed836.471x594x1.jpg', 'is_meme_verified': False, 'is_verified': False, 'name': 'Toby Gad', 'url': 'https://genius.com/artists/Toby-gad'}]",2008.0
Stop All the World Now,https://genius.com/albums/Howie-day/Stop-all-the-world-now,Howie Day,[],"[Verse 1] The dawn is breaking A light shining through You're barely waking And I'm tangled up in you, yeah  I'm open, you're closed Where I follow, you'll go I worry I won't see your face Light up again  [Chorus] Even the best fall down sometimes Even the wrong words seem to rhyme Out of the doubt that fills my mind I somehow find you and I collide  [Verse 2] I'm quiet you know You make a first impression I've found I'm scared to know I'm always on your mind  [Chorus] Even the best fall down sometimes Even the stars refuse to shine Out of the back you fall in time I somehow find you and I collide  [Bridge] Don't stop here I lost my place I'm close behind  [Chorus] Even the best fall down sometimes Even the wrong words seem to rhyme Out of the doubt that fills my mind I somehow find you and I collide  [Outro] You finally find you and I collide You finally find you and I collide","[{'provider': 'youtube', 'start': 0, 'type': 'video', 'url': 'http://www.youtube.com/watch?v=ca9ub9rpNK4'}, {'native_uri': 'spotify:track:5rwq6R0Uq0BngM3rdmCeNg', 'provider': 'spotify', 'type': 'audio', 'url': 'https://open.spotify.com/track/5rwq6R0Uq0BngM3rdmCeNg'}]",45,2004-07-13,Collide,https://genius.com/Howie-day-collide-lyrics,"[{'api_path': '/artists/16116', 'header_image_url': 'https://images.genius.com/c35f2d673fba753605d91c972af32e4e.670x500x1.jpg', 'id': 16116, 'image_url': 'https://images.genius.com/c35f2d673fba753605d91c972af32e4e.670x500x1.jpg', 'is_meme_verified': False, 'is_verified': False, 'name': 'Howie Day', 'url': 'https://genius.com/artists/Howie-day'}, {'api_path': '/artists/182552', 'header_image_url': 'https://images.genius.com/213803e34796bd9e37efdd46d30a74b6.400x400x1.jpg', 'id': 182552, 'image_url': 'https://images.genius.com/213803e34796bd9e37efdd46d30a74b6.400x400x1.jpg', 'is_meme_verified': False, 'is_verified': False, 'name': 'Kevin Griffin', 'url': 'https://genius.com/artists/Kevin-griffin'}]",2005.0
